Name,Phone,Email,Category,Website,Linkedin,Facebook,Instagram,Rank,Twitter,Address,City,Zip,Google Pixel,FB Pixel,Criteo Pixel,Google Analytics,Has Schema JSON,Mobile Friendly?,Using Wordpress?,Using Shopify?,Yelp Rating,Yelp Count,FB Rating,FB Count,Google Rating,Google Count
Contractor Webmasters,(800) 775-1250,sales@firstwebmarketing.com,Upgrade,https://www.contractorwebmasters.com/,https://www.linkedin.com/company/roofingwebmasters,https://www.facebook.com/Service-Webmasters-888096821353356/,https://www.instagram.com/servicewebmasters/,,https://www.twitter.com/service_wm,3309 Winthrop Ave. suite 77,Fort Worth,76116,y,y,,y,,y,y,,,,4.6,19,5,1
"Lovejoy HVAC, LLC",(469) 617-3690,kasey@lovejoyhvac.com,Upgrade,http://www.lovejoyhvac.com/,,https://www.facebook.com/Lovejoy-HVAC-LLC-1752717418297901/,https://www.instagram.com/lovejoyhvac/,,https://www.twitter.com/LovejoyHvac,2375 Rock Ridge Road,Allen,75002,,,,y,,y,y,,,,5,14,5,8
"Premier HVAC Services, LLC",(469) 720-4539,emilyw@premierhvacservicesllc.com,Upgrade,https://www.premierhvacservicesllc.com,,https://www.facebook.com/PremierHVACServices,https://www.instagram.com/premierhvacservicesllc,,https://www.twitter.com/HvacPremier,7761 FM 741,Forney,75126,y,,,y,,y,y,,,,5,1,5,4
Eastfield College,(972) 860-7100,4social@dcccd.edu,Upgrade,http://www.eastfieldcollege.edu,,https://www.facebook.com/eastfielddcccd,https://www.instagram.com/eastfielddcccd,,https://www.twitter.com/eastfielddcccd,3737 Motley Dr,Mesquite,75150,y,,,y,,y,,,3.5,12,5,1,3.6,45
AirTex HVAC,(214) 395-6808,info@airtexhvac.com,Upgrade,http://www.airtexhvac.com,https://www.linkedin.com/,https://www.facebook.com/AirTexHVACtx,https://www.instagram.com/,,,,Garland,75040,,,,,,y,y,,,,5,1,,
"Breathe Pure Dallas - Mold Remediation, Water Damage, HVAC",(972) 278-2900,customersupport@breathepuretx.com,Upgrade,http://www.breathepuretx.com/,,https://www.facebook.com/breathepuredallas,https://www.instagram.com/breathe_pure_dallas/,,https://www.twitter.com/breathe_pure_tx,2447 Merritt Dr Ste 200,Garland,75041,,,,y,,y,,,5,4,5,5,4.4,20
Extreme Comfort Air Conditioning and Heating,(972) 234-2336,contact@extremecomfortac.com,Upgrade,https://extremecomfortac.com/,,https://www.facebook.com/ExtremeComfortAC/,https://www.instagram.com/extremecomfortac/,,https://www.twitter.com/extremecomfort,3320 Wiley Post Rd,Carrollton,75006,y,y,,y,,y,y,,,,5,15,4.7,61
Spencer Air Conditioning & Heating,(972) 446-2665,service@spencerairconditioning.com,Upgrade,http://spencerairconditioning.com/,https://www.linkedin.com/company/1841986,https://www.facebook.com/SpencerHVAC,https://www.instagram.com/spencerairconditioning/,,https://www.twitter.com/SpencerHVAC,3006 Skyway Cir S,Irving,75038,y,,,y,,y,y,,,,4.7,49,4.9,102
"Mosley Heating and Air Conditioning, LLC",(972) 748-6759,mosley.hvac@gmail.com,Upgrade,http://www.yelp.com/biz/mosley-heating-and-air-conditioning-red-oak-2,https://www.linkedin.com/company/31517,https://www.facebook.com/yelp,https://www.instagram.com/yelp,1,https://www.twitter.com/yelp,104 W Ovilla Rd. #1423,Red Oak,75154,y,y,,y,,y,,,,,,,,
Action Plus Heating & Air Conditioning,(972) 369-6291,calanis@actionphvac.com,Upgrade,http://www.actionphvac.com,https://www.linkedin.com/pub/action-plus-hvac/100/315/172,https://www.facebook.com/ActionPlusHVAC/,https://www.instagram.com/Actionplushvac/,,https://www.twitter.com/ActionPlusHVAC,,The Colony,75056,y,,,y,,y,y,,,,5,4,,
Mullins Mechanical Air Conditioning & Heating,(972) 227-8657,service@mullinsmechanical.com,Upgrade,http://www.mullinsmechanical.com,,https://www.facebook.com/MullinsMechanicalHVAC/,https://www.instagram.com/MullinsMechanicalHVAC,,https://www.twitter.com/MullinsHVAC,P.O. Box 1886,DeSoto,75134,,,,y,,y,,,,,5,13,,
Action Heating & Air Conditioning Inc,(972) 442-4335,dsbaction@aol.com,Upgrade,http://www.actionheatingair.com/,https://www.linkedin.com/company/18442526/,https://www.facebook.com/Action-Heating-Air-Conditioning-Inc-300367840029274/,https://www.instagram.com/actionhvactexas/,,https://www.twitter.com/ActionHVACTexas,121 Touchstone Rd,Wylie,75098,,,,,,y,y,,,,5,5,4.4,14
Kirk Air Conditioning Co,(214) 748-7784,kirkserv@msn.com,Upgrade,http://www.kirkairconditioning.us/,,https://www.facebook.com/Kirk-Air-Conditioning-744138362413254/,https://www.instagram.com/kirk_ac/,,https://www.twitter.com/Kirk_AC,2819 Hickory,Dallas,75226,,,,y,y,y,y,,2.5,3,5,2,3,4
Dallas Air Solutions,(469) 226-9963,service@dallasairsolutions.com,Upgrade,http://dallasairsolutions.com/,,https://www.facebook.com/dallasairsolutions,https://www.instagram.com/dallasairsolutions,,,"6100 Cedar Springs Rd,  Dallas,  TX 75235",,75235,,,,y,,y,,,,,,,1,1
TemperaturePro DFW,(469) 701-3331,tim.walker@temperaturepro.com,Upgrade,https://www.temperatureprodfw.com/,,https://www.facebook.com/temperatureprodfw/,https://www.instagram.com/temperatureprodfw/,,https://www.twitter.com/TPDallasFTW,"2081 Hutton Dr %23307,  Carrollton,  TX 75006",,23307,,,,y,,y,y,,,,,,5,18
Xtreme Air Services,(214) 329-9229,servicetoday@xtremeairservices.com,Upgrade,http://www.xtremeairservices.com,https://www.linkedin.com/company/xtremeairservices,https://www.facebook.com/XtremeAirServices/,https://www.instagram.com/xtremeairservices/,62,https://www.twitter.com/xtremeairsvcs,308 US 80 Frontage Rd,Sunnyvale,75182,y,,,y,y,y,y,,4,17,4.6,109,4.9,373
Part Advice Appliance Parts,(214) 206-3344,sales@partadvice.com,Upgrade,http://www.partadvice.com/,,https://www.facebook.com/PartAdvice,https://www.instagram.com/,,,"1352 Chemical St,  Dallas,  TX 75207",,75207,,,,y,,y,,,,,,,5,7
Truficient Energy Solutions,(214) 238-4350,info@truficient.com,Upgrade,http://www.truficient.com,https://www.linkedin.com/,https://www.facebook.com/truficient/,https://www.instagram.com/truficientenergy/,,https://www.twitter.com/truficient,808 Business Pkwy,Richardson,75081,y,y,,y,y,y,y,,5,3,5,3,5,26
THT Air Solutions,(214) 575-2323,appointments@thtairsolutions.com,Upgrade,http://thtairsolutions.com,,https://www.facebook.com/THT-Mechanical-254471268037528/,https://www.instagram.com/thtairsolutions/,,https://www.twitter.com/thtmechanical,1002 N Central Expy,Richardson,75080,y,,,y,,y,,,5,1,4.6,9,4.6,10
Hvac Professionals,(469) 324-9029,hvacprofessionals4@gmail.com,Upgrade,,,,,,,4230 lbj freeway dallas tx 75224,Addison,,,,,,,,,,,,,,,
Dallas HVAC Parts,(214) 341-0063,dallashvacparts@gmail.com,Upgrade,https://www.dallashvacparts.com/,,https://www.facebook.com/HVACparts/,,33,,9774 Skillman St,Dallas,75243,,,,y,y,y,y,,4.5,18,5,11,4.7,71
HVAC Rep Enterprises,(972) 661-9090,tysefton@hvacrepenterprises.com,Upgrade,http://www.hvacrepenterprises.com/,,,,,,,Dallas,75218,,,,,,y,,,,,,,,
Hvac & Refrigeration,(214) 730-3063,guerrerohvavandrefrigeration@gmail.com,Upgrade,,,,,,,104 Remington Dr,Waxahachie,75165,,,,,,,,,,,,,,
HVAC RNTL,(800) 595-5950,rentals@hvacrntl.com,Upgrade,http://www.hvacrntl.com,,,,,,6029 Campus Circle Drive W. Suite 100,Irving,75063,,,,y,,y,,,,,,,,
Dean HVAC,(972) 235-1487,info@dean-ac.com,Upgrade,http://www.dean-ac.com,https://www.linkedin.com/in/kirk-wilson-47383a9/,https://www.facebook.com/DeanACandHeating/,,,,2519 Eastwood Ln.,Rockwall,75032,,,,y,,y,y,,,,4.9,7,,
Tech Zone HVACR,(972) 579-8822,info@techzonehvacr.com,Upgrade,http://www.techzonehvacr.com/,,https://www.facebook.com/techzonehvacr,,,https://www.twitter.com/TechZoneHVACR,617 E 2nd St,Irving,75060,,,,,,y,y,,,,4.9,17,,
HVAC Leads Pro,(646) 233-1519,info@hvacleadspro.com,Upgrade,http://www.hvacleadspro.com,https://www.linkedin.com/company/13442253/,https://www.facebook.com/hvacleadspro/,,,https://www.twitter.com/hvacleadspro,2253 Wood Street,New York,10129,y,,,y,,y,y,,,,5,1,,
I-Temp HVAC,(214) 293-7756,itemp_hvac@hotmail.com,Upgrade,,,,,,,,Rockwall,75032,,,,,,,,,,,,,,
Bacon HVAC,(972) 627-4408,brad@baconplumbinginc.net,Upgrade,http://baconheatingandair.com/,,,,,,295 Ranch Trail,Rockwall,75032,,,,,,,,,,,,,,
Millennial Hvac,(817) 668-0173,millennialhvac@gmail.com,Upgrade,http://www.millennialhvac.com/,,,,,,6750 Locke Ave Ste 103b,Fort Worth,76116,,,,y,,y,,,,,,,5,12
Hi-Tech Led & HVAC,(214) 774-9866,info@hitechledhvac.com,Upgrade,https://hitechledhvac.com,,,,,,Trident Plaza Harry Hines Boulevard Suite A-102 Dallas,Dallas,75229,y,,,y,y,y,y,,,,,,,
HVAC - Kim Lincoln your local air conditioning guru,(972) 310-8278,kim.lincoln@nortek.com,Upgrade,,,,,,,,Dallas,75218,,,,,,,,,,,5,5,,
Ferguson Heating & Cooling,(972) 620-1661,contract@detailsuser-loggedin-notification.jsp.at,Upgrade,http://www.ferguson.com,,https://www.facebook.com/FergusonShowrooms,,17,https://www.twitter.com/ferguson_fei,10990 Petal St Ste 1000,Dallas,75238,,,,,y,y,,,,,,,,
Enertia HVAC/R,(214) 550-3458,enertiallc@gmail.com,Upgrade,https://www.enertiahvac.com/,https://www.linkedin.com/company/enertiahvacr,https://www.facebook.com/pg/EnertiaAirConditioningHeatingVentilation/reviews/,,84,https://www.twitter.com/enertiahvacr,13111 Meandering Way,Dallas,75240,y,y,,y,y,y,y,,,,,,,
Walker HVAC,(817) 801-7084,randy@walkerhvac.com,Upgrade,http://www.walkerhvac.com,,https://www.facebook.com/pages/Walker-HVAC/173671849341797,,,https://www.twitter.com/WalkerHVAC,2809 Buffalo Dr,Arlington,76013,,,,y,,,,,,,,,,
Operation Hvac-R,(972) 635-0395,operationhvacr@gmail.com,Upgrade,,,,,,,14902 Preston Road Ste 404-537,Dallas,75254,,,,,,,,,,,5,7,,
HVAC DFW Tx,(817) 484-0054,hvacdfwtx@gmail.com,Upgrade,http://www.hvacdfwtx.com,,,,,,5217 Elmdale Dr,Fort Worth,76137,,,,y,,y,,,,,4.5,2,,
GP Training & Tutoring HVAC,(469) 810-2250,gpgeneralprojects@gmail.com,Upgrade,,,,,,,2734 W Kingsley Rd,Garland,75041,,,,,,,,,,,,,,
DFW HVAC and Plumbing LLC,(972) 479-9962,dfwhvacandplumbing@yahoo.com,Upgrade,http://www.dfwhvacandplumbing.com/,,https://www.facebook.com/https://twitter.com/dfwhvacplumbing,,,https://www.twitter.com/dfwhvacplumbing,1220 EXECUTIVE DR WEST,Richardson,75081,,,,,,y,,,2.5,21,1,3,2,34
Las torres hvac,(469) 623-8404,iraelt@hotmail.com,Upgrade,,,,,,,,Irving,75062,,,,,,,,,,,,,,
Stovalls Hvac Installations,(972) 815-5033,stovallshvac@gmail.com,Upgrade,http://www.ebay.com/usr/stovallshvacinstallations,,https://www.facebook.com/stovallshvac,,,https://www.twitter.com/greensborocity,16473 Goss Lane,Terrell,75160,y,y,,y,,,,,,,5,14,,
The Right Choice Heating & Air,(972) 243-2560,support@therightchoicetexas.com,Upgrade,http://therightchoicetexas.com/,,,,,,2290 springlake rd,Farmers Branch,75234,,,,,,,,,,,5,45,4.7,120
Winsupply of Dallas HVAC,(469) 620-2014,tldrinkard@winsupplyinc.com,Upgrade,http://www.winsupplyofdallas.com,,,,,,1250 Champion Cir,Carrollton,75006,,,,y,,y,,,,,5,2,,
Comfort Force HVAC,(817) 231-3581,comfort_force@yahoo.com,Upgrade,http://comfortforcehvac.net,,,,,,304 S. Hampton,Crowley,76036,,,,,,,,,,,,,,
SHEVYs Hvac-R,(682) 667-1293,mckay_andre@yahoo.com,Upgrade,http://www.mckayshvacservices.com,,,,,,4910 Valley Ridge Dr 1029,Irving,75062,,,,,,,,,,,5,1,,
"Reed HVAC, Heating and Air",(469) 212-0059,reaham98@live.com,Upgrade,http://www.garlandhvac.net,,,,,,6018 Norfolk Dr,Garland,75044,,,,,,,,,,,,,,
Purity Air HVAC,(972) 607-4201,jesus@purityairhvac.com,Upgrade,https://www.purityairhvac.com/,,https://www.facebook.com/Purity-Air-HVAC-LLC-169607653453916/,,,,2300 Valley View Lane,Irving,75062,,,,y,,y,,,,,5,1,4.9,17
Jetstream HVAC Services,(844) 921-0169,jetstreamac@yahoo.com,Upgrade,http://www.airbyjetstream.com,,,,,,,Dallas,75218,,,,,,,,,,,5,11,,
Frisco HVAC Pros,(940) 222-4476,sandrapayne274@gmail.com,Upgrade,http://www.heatingandcoolingfriscotx.com,,,,,,15922 Eldorado Pkwy,Frisco,75035,y,,,y,y,y,y,,,,,,,
DIMAR HVAC Services,(682) 710-1130,ernesto@dimar-ac.com,Upgrade,http://dimar-ac.com,https://www.linkedin.com/company/dimarhvac,https://www.facebook.com/DIMARHVACServices/,,,https://www.twitter.com/dimarhvac,5043 David Strickland suite 103,Fort Worth,76119,y,,,y,,y,,,,,5,8,5,1
Art Electric & HVAC Inc.,(214) 316-5944,art@artelectrichvacinc.com,Upgrade,https://www.artelectrichvacinc.com/,https://www.linkedin.com/company/art-electric-,https://www.facebook.com/ArtElectricHVAC/,,,https://www.twitter.com/artelectrichvac,3842 pinebluff rockwall,Rockwall,75032,y,,,y,,y,,,5,3,5,1,,
LINEA HVAC Equipment Screens,(214) 846-8668,derrick.vanwest@hts.com,Upgrade,http://lineascreen.com,,,,,,1625 Wallace Dr,Carrollton,75006,,,,y,,y,y,,,,,,,
TEMSCO HVAC Services,(940) 497-1600,hvac@temsco.com,Upgrade,http://www.temsco.com/hvac,,,,,,1408 N Corinth St,Corinth,76208,,,,,,,,,,,5,8,,
On The Spot HVAC,(972) 955-0786,info@onthespothvac.com,Upgrade,http://www.onthespothvac.com,,,,,,3608 Wilshire Dr,Plano,75023,,,,,,y,y,,5,2,5,5,5,176
Frisco HVAC Repair,(469) 290-2511,firscohvacrepair@gmail.com,Upgrade,http://friscohvacrepair.com,,,,,,1601 Jewel Ln,Frisco,75034,,,,,,y,y,,,,,,,
5 Star HVAC Contractors,(214) 457-8441,jose@5starhvaccontractors.com,Upgrade,https://5starhvaccontractors.com/,https://www.linkedin.com/company/5-star-hvac-contractors/,https://www.facebook.com/5starhvaccontractors/,,72,,4514 Rowlett Rd Suite 100-B,Rowlett,75088,y,y,,y,y,y,y,,4.5,18,5,28,4.9,102
Mechanical Partners Inc.,(214) 343-0202,info@mechanicalpartners.com,Upgrade,http://www.mechanicalpartners.com/,,,,,,10217 Plano Road,Dallas,75238,,,,,,y,,,,,2.2,20,5,4
Atomic HVAC Services,(817) 478-8862,info@atomichvacservices.com,Upgrade,http://www.atomichvacservices.com/,,https://www.facebook.com/pages/Themefusion/101565403356430,,,https://www.twitter.com/Theme_Fusion,4700 Shiloh Rd,Flower Mound,75022,y,,,y,,y,y,,,,5,4,5,19
Super HVAC Tech,(469) 207-5982,superhvactech1@gmail.com,Upgrade,http://www.superhavtech.com,,,,,,,McKinney,75071,,,,,,,,,,,5,1,,
Dynamic Service Solutions,(972) 412-2800,dynamicreception@hotmail.com,Upgrade,http://www.dynamicservicesolutions.com,,,,,,3206 Main St Ste 109,Rowlett,75088,,,,y,,y,,,,,5,1,,
Art Electric & Hvac,(214) 316-5944,art@artelectrichvacinc.com,Upgrade,http://www.artsairconditioningrepair.com,https://www.linkedin.com/company/art-electric-,https://www.facebook.com/ArtElectricHVAC/,,,https://www.twitter.com/artelectrichvac,2670  Observation Trl,Rockwall,75032,y,,,y,,y,,,5,3,,,,
Mark Funderburk HVAC,(817) 201-5778,markfhvac@gmail.com,Upgrade,,,,,,,,Kennedale,76060,,,,,,,,,,,5,8,,
TAC - Solar Panels & HVAC,(940) 206-0340,brandon@tacsolarandac.com,Upgrade,http://tacsolarandac.com,,https://www.facebook.com/TAC-Tower-Association-167795103337595/,,,https://www.twitter.com/TACsolarTX,,Dallas,,,y,,y,,y,y,,,,5,8,,
Tucker Brothers HVAC Services,(817) 454-3323,tuckerbros@msn.com,Upgrade,,,,,,,,Fort Worth,,,,,,,,,,,,5,3,,
L & L HVAC Services Inc.,(469) 263-0121,lorencowley@yahoo.com,Upgrade,http://www.llhvacservicesinc.com/,,https://www.facebook.com/L-L-HVAC-Services-Inc-556088757929319/,,,,P O Box 2048,Forney,75126,,,,,,,,,,,5,8,,
Dunrite HVAC Services Inc,(972) 548-8280,steve@dunritetx.com,Upgrade,http://www.dunritetx.com,,https://www.facebook.com/pages/Dunrite-HVAC-Services-Inc/162323747142743,,,https://www.twitter.com/Dunriteservices,4064 FM 2933,McKinney,75071,,,,,,y,,,,,4.8,5,,
Lowes Home Improvement,(940) 320-1938,customercare@lowes.com,Upgrade,https://www.lowes.com/store/tx-denton/0183,,,,,,1255 S Loop 288,Denton,76205,,,,,,,,,,,3,104,3.9,509
Frost Brothers Heating & Air,(972) 874-1001,info@frostac.com,Upgrade,http://www.frostac.com/,,https://www.facebook.com/Frostac/,,,,320 Smith St,Lewisville,75057,,,,y,y,y,y,,4,4,4.5,37,4.8,58
"Extreme Sharp Air, LLC Arlington, TX",(817) 371-9721,bretsharp@sbcglobal.net,Upgrade,http://sharpairhvacarlington.com,,,,,,2411 Laredo Ct,Arlington,76015,,,,,,,,,,,4.6,8,,
Garland Heating & Air Conditioning,(972) 278-3506,bryan@garlandheatingandair.com,Upgrade,http://www.garlandheatingandair.com/,,https://www.facebook.com/GarlandHVAC/,,,,2113 S Garland Ave,Garland,75041,,,,,,y,y,,,,4.6,24,4.4,13
One Source Refrigeration & HVAC,(972) 442-4556,onesourcerefrigeration@yahoo.com,Upgrade,http://www.onesourcerefrigeration.com,,,,,,2107 High Point Dr,Garland,75048,,,,,,,,,,,,,,
Crows Heat & Air,(972) 548-1323,crowsheatandair@yahoo.com,Upgrade,http://www.crowsheatandair.com,,https://www.facebook.com/Crows-Heat-Air-133964653354795/,,,,1132 Westmoreland Dr,McKinney,75069,,,,y,,y,y,,,,4.7,42,,
Airzon LLC,(817) 946-6317,rthottam@gmail.com,Upgrade,https://www.airzontx.com/,,,,,,6802 GLEN DALE DR,Arlington,76017,,,,,,,,,,,,,,
AVelocity Heating & Air Conditioning,(214) 597-9792,avelocityhvac@yahoo.com,Upgrade,http://www.avelocityair.com/,,,,,,202 S Tillery Ave,Dallas,75211,,,,,,,,,,,4.9,14,,
Barts Heating & Air,(940) 242-3456,bartshvac@verizon.net,Upgrade,http://www.bartshvac.com,,https://www.facebook.com/BartsHVAC,,,,11720 Ivey Rd,Justin,76247,,,,,,,,,,,5,42,,
Missionary Mechanical HVACR Specialist,(817) 303-5353,dschlemeyer11261958@gmail.com,Upgrade,,,,,,,1844 W Division St Ste 208,Arlington,76012,,,,,,,,,,,,,,
Captain Air Heating & Cooling,(972) 757-8532,captainair.office@gmail.com,Upgrade,http://captainairtexas.com,,https://www.facebook.com/CaptainAirHVAC,,,,1930 Creekside Dr.,Rockwall,75087,,,,y,,y,,,5,2,5,15,,
Reel-Air Ac & Heating LLC,(972) 428-8007,gayla@reelairac.com,Upgrade,http://reelairac.com,,https://www.facebook.com/ReelAirHvac/,,,,1629 WOODCREST LN,Carrollton,75006,y,,,y,,y,y,,,,5,10,,
"Brown and Sons Plumbing,Air Conditioning & Heating",(940) 220-6704,kenbrown@brownandsons.com,Upgrade,http://www.brownandsons.com,,https://www.facebook.com/pages/Brown-and-Sons-PlumbingAir-Conditioning-Heating/118424441529574,,,https://www.twitter.com/BrownPlumbingAC,109 S Woodrow Ln,Denton,76205,,,,y,y,y,y,,1.5,7,3.8,18,,
Max Mechanical Air Conditioning & Heating,(817) 518-9171,maxmech@sbcglobal.net,Upgrade,http://www.maxmechanical.com/,https://www.linkedin.com/company/max-mechanical,https://www.facebook.com/max.mech.HVAC,,,https://www.twitter.com/Maxmechanical,2313 Michigan Ct,Arlington,76016,,,,y,,y,y,,,,,,4.6,70
"Levy & Son, A Service Experts Company",(972) 241-8503,service@levyandson.com,Upgrade,https://www.levyandson.com/,,https://www.facebook.com/Levy-Son-1068947813127787/,,7,https://www.twitter.com/serviceexperts,"A Service Experts Company,  11024 Indian Trail,  Dallas,  TX 75229",,11024,y,,,y,,y,,,,,,,4.8,284
On Time Experts,(214) 267-2007,contactus@theontimeexperts.com,Upgrade,http://www.theontimeexperts.com/,https://www.linkedin.com/company/9393149/,https://www.facebook.com/theontimeexperts/,,15,https://www.twitter.com/TheOnTimeExpert,1510 Stevens St,Dallas,75218,y,,,y,y,y,y,,2.5,26,4.7,423,4.8,631
Texas AirZone,(214) 828-2665,chris@texasairzone.com,Upgrade,http://www.texasairzone.com/,,https://www.facebook.com/pages/Texas-AirZone-LLC/151724138202720,,29,https://www.twitter.com/TexasAirZone,"10763 Mapleridge Dr,  Dallas,  TX 75238",,10763,,,,y,,y,,,,,,,4.7,12
Ferguson HVAC Supply,(214) 221-0012,contract@detailsuser-loggedin-notification.jsp.at,Upgrade,https://www.ferguson.com/branch/petal-dallas-tx-hvac,,https://www.facebook.com/FergusonShowrooms,,17,https://www.twitter.com/ferguson_fei,"10990 Petal St %231000,  Dallas,  TX 75238",,10990,,,,,,y,,,,,,,4.7,3
Quality 1 Energy Systems,(214) 348-9588,service@q1es.com,Upgrade,http://www.q1es.com/,,,,40,,"10870 Plano Rd,  Dallas,  TX 75238",,10870,,,,y,,y,y,,,,,,4.7,15
Metro Air Conditioning,(214) 390-3740,servicecalls@metroacs.com,Upgrade,https://www.metroacs.com/,,https://www.facebook.com/MetroACS/,,3,https://www.twitter.com/Metro_ACS,126 W Illinois Ave,Dallas,75224,y,,,y,,y,y,,,,4.8,23,4.7,63
Dallas Plumbing Company,(214) 340-6300,preferred@dallasplumbing.com,Upgrade,http://www.dallasplumbing.com/,,https://www.facebook.com/pages/Dallas-TX/Dallas-Plumbing-Company/121509061210745,,,https://www.twitter.com/DalPlumbingCo,"11055 Plano Rd,  Dallas,  TX 75238",,11055,,,,y,,y,,,,,,,4.1,43
Town East Heating & Air Conditioning,(972) 289-1654,service@tehvac.com,Upgrade,http://www.tehvac.com/,,https://www.facebook.com/Town-East-Heating-Air-Conditioning-Co-LLC-188873584459423/,,,,"10215 Miller Rd,  Dallas,  TX 75238",,10215,,,,,,y,,,,,,,3.4,8
Harlen Johnson Heating & Air Conditioning Inc,(972) 241-7771,sales@hjac.com,Upgrade,http://hjac.com/,,https://www.facebook.com/Harlen-Johnson-Heating-Air-Conditioning-Inc-154968524538774/,,44,,2643 Royal Ln,Dallas,75229,,,,y,,y,,,,,3,2,3.9,7
Open To Public HVAC Parts,(214) 340-9421,parts@otp-hvac.com,Upgrade,http://www.otp-hvac.com/,,https://www.facebook.com/OTPhvacparts/,,,,"10226 Plano Rd %23104,  Dallas,  TX 75238",,10226,y,,,,,y,y,,,,,,4.8,20
Enertia HVAC/R,(214) 550-3458,enertiallc@gmail.com,Upgrade,https://www.enertiahvac.com/,https://www.linkedin.com/company/enertiahvacr,https://www.facebook.com/pg/EnertiaAirConditioningHeatingVentilation/reviews/,,84,https://www.twitter.com/enertiahvacr,"13111 Meandering Way,  Dallas,  TX 75240",,13111,y,y,,y,,y,y,,,,,,4.4,7
"North Dallas Air Conditioning & Heating Co., Inc",(972) 484-1903,info@northdallasac.com,Upgrade,http://northdallasac.com/,,,,,,"Inc,  2306 Springlake Rd,  Farmers Branch,  TX 75234",,75234,,,,,,,,,,,,,4.8,4
United Refrigeration,(972) 620-8060,info@uri.com,Upgrade,http://www.uri.com/,,,,,,"2840 Virgo Ln,  Dallas,  TX 75229",,75229,,,,y,,,,,,,,,4.8,9
"BIMS, Inc.",(214) 467-2653,dispatch@bellomyims.com,Upgrade,http://www.bellomyims.com/,https://www.linkedin.com/company/bellomy-heating-and-air/,https://www.facebook.com/BellomyIMS/,,81,,4424 Mint Way,Dallas,75236,y,y,,y,y,y,y,,,,5,5,3.5,6
Quigley Heating & Air Conditioning,(972) 992-5629,cleanducts@quigleyac.com,Upgrade,http://www.quigleyac.com/,https://www.linkedin.com/company/quigley-heating-,https://www.facebook.com/pages/Quigley-Heating-and-Air/119769981485568,,20,https://www.twitter.com/QuigleyAC,2616 Manor Way,Dallas,75235,y,y,,y,y,y,y,,3.5,18,4.8,17,4.7,65
Standard Supply Distribution Center & Corporate Offices,(214) 630-7800,info@ssdhvac.com,Upgrade,http://www.ssdhvac.com/,,https://www.facebook.com/1884245478273517,,63,https://www.twitter.com/ssdhvac,1431 Regal Row,Dallas,75247,,,,y,,y,,,,,4.3,45,4,16
Neal & Associates,(214) 340-1464,info@nealandassociates.com,Upgrade,http://www.nealandassociates.com/,,,,,,"10610 Boomer Cir,  Dallas,  TX 75238",,10610,,,,,,y,y,,,,,,3,2
"Sun Air Conditioning, Inc.",(214) 956-9151,info@sunairandheating.com,Upgrade,https://sunairandheating.com/,,,,,,"Inc.,  3321 Towerwood Dr %23130,  Dallas,  TX 75234",,23130,,,,,,y,y,,,,,,3.7,3
Barbosa Plumbing & Air Conditioning,(214) 351-7030,info@barbosamechanical.com,Upgrade,http://www.barbosamechanical.com,,https://www.facebook.com/BarbosaPlumbingandAC,,24,https://www.twitter.com/BarbosaMech,9810 Abernathy Ave,Dallas,75220,,y,,y,,y,y,,,,5,35,4.7,160
Eco Energy Heating & Cooling llc,(469) 434-6818,ecoenergyac@gmail.com,Upgrade,http://www.ecoenergyheatingandcooling.com/,,https://www.facebook.com/Eco-Energy-Heating-Cooling-633071266867315/,,,,2550 Southwell Rd,Dallas,75229,,,,,,y,y,,,,3,2,5,4
A&R Mechanical Contractors,(214) 236-2215,contact@a-n-r-mechanical.com,Upgrade,http://www.a-n-r-mechanical.com/,,,,,,2127 W Amherst Ave,Dallas,75235,,,,,,,,,,,5,1,1,1
AC Metroplex Plumbing,(214) 566-3239,bakerbrothersheatandair@gmail.com,Upgrade,http://metroplexacandheating.com/,,https://www.facebook.com/Metroplex-AC-and-Heating-451154864934809/,,,,"17414 Dowell Cir,  Dallas,  TX 75252",,17414,,,,,,y,,,,,,,4.3,6
Ferguson HVAC Supply,(972) 245-5747,contract@detailsuser-loggedin-notification.jsp.at,Upgrade,https://www.ferguson.com/branch/carrollton-tx-hvac,,https://www.facebook.com/FergusonShowrooms,,17,https://www.twitter.com/ferguson_fei,"1705 Wallace Dr %23112,  Carrollton,  TX 75006",,23112,,,,,,y,,,,,,,4.3,22
A Perfec Temp,(214) 358-0540,aperfectemp@yahoo.com,Upgrade,http://www.aperfectemp.com/,,https://www.facebook.com/pages/A-PerfecTemp/146173555439534,,,,"2650 Lombardy Ln,  Dallas,  TX 75220",,75220,,,,,,,,,,,,,,
Blackall Mechanical Inc,(972) 380-0880,mallison@blackallmech.com,Upgrade,http://blackallmech.com/,https://www.linkedin.com/company/blackall-mechanical-inc-,https://www.facebook.com/Blackallmechanicalinc,,,https://www.twitter.com/blackallres,3724 Arapaho Road,Addison,75001,,,,y,,y,y,,,,4.2,5,4.3,6
AIR TECH PROFESSIONALS,(469) 358-2929,gregroyroberson@airtechprofessionals.com,Upgrade,http://www.airtechprofessionals.com/,,,,,,"2800 E Illinois Ave,  Dallas,  TX 75216",,75216,,,,,,,,,,,,,,
Tempo Mechanical Services,(972) 579-2000,info@temposervice.com,Upgrade,http://www.tempoair.com/,https://www.linkedin.com/company/2189409,https://www.facebook.com/TempoAir/,,,https://www.twitter.com/tempoair,"911 Maryland Dr,  Irving,  TX 75061",,75061,,,,y,,y,y,,,,,,4.9,332
Kahn Mechanical Contractors,(214) 631-1010,jkahn@kahnmechanical.com,Upgrade,http://kahnmechanical.com,https://www.linkedin.com/company/2348731,https://www.facebook.com/KahnMechanical,,,https://www.twitter.com/,2787 Irving Blvd,Dallas,75207,,y,,,,y,y,,,,4.2,8,5,4
"Air Repair, Inc",(214) 692-1400,airrepairfrisco@gmail.com,Upgrade,http://airrepairpros.com/addison/,,https://www.facebook.com/airrepairpros/,,,,"Inc,  15851 Dallas Pkwy %23600,  Addison,  TX 75001",,15851,y,,,y,,y,y,,,,,,5,5
TAB Technologies,(214) 351-7590,brian@cherne.net,Upgrade,http://www.tab-tech.com/,,,,,,"4110 Cedar Lake Dr %23203,  Dallas,  TX 75227",,23203,,,,,,y,y,,,,,,,
Chapman Air & Heat,(214) 340-4999,servicenow@chapmanair.com,Upgrade,http://www.chapmanair.com/,,https://www.facebook.com/chapmanair,,,https://www.twitter.com/chapmanair,"10750 Sandhill Rd,  Dallas,  TX 75238",,10750,,,,y,,,,,,,,,4.1,38
Metro Heating & Cooling,(972) 279-3400,kk@metrohc.com,Upgrade,https://www.metrohc.com/,,https://www.facebook.com/Metro-Heating-Cooling-337855152970256/,,56,,"10254 Miller Rd,  Dallas,  TX 75238",,10254,,,,y,,y,y,,,,,,4.4,11
Perry HVAC,(214) 714-6365,info@perryhvac.com,Upgrade,http://perryhvac.com/contact/,,https://www.facebook.com/PerryHVAC/,,,,"10000 N Central Expy,  Dallas,  TX 75231",,10000,,,,y,,y,y,,,,,,,
UCBM HVAC Inc,(817) 675-1031,junkim@ucbmhvac.com,Upgrade,https://www.ucbmhvacservice.com/,,,,,,"11150 Morrison St,  Dallas,  TX 75229",,11150,,,,,,y,y,,,,,,,
United Mechanical,(214) 341-9300,info@unitedmechanical.com,Upgrade,http://www.unitedmechanical.com/,,,,,,"11540 Plano Rd,  Dallas,  TX 75243",,11540,,,,y,,y,y,,,,,,4.5,24
Century A/C Supply,(972) 241-7007,websales@centuryac.com,Upgrade,http://www.centuryac.com/,https://www.linkedin.com/company/century-ac,https://www.facebook.com/CenturyAC/,,,,"2646 Manana Dr,  Dallas,  TX 75220",,75220,y,,,y,,,,,,,,,4,8
Johnson Supply,(972) 277-9300,carrollton@johnsonsupply.com,Upgrade,http://www.johnsonsupply.com/,,https://www.facebook.com/JohnsonSupply,,,https://www.twitter.com/JohnsonSupply/,1401 Valwood Pkwy,Carrollton,75006,,,,y,,y,,,,,4.3,3,4.5,12
Suburban Heating & Air Conditioning Co,(214) 381-1127,stacy@suburbanheatandair.com,Upgrade,http://www.suburbanheatandair.com/,,https://www.facebook.com/suburbanheatandair,,,,"3918 Peachtree St,  Dallas,  TX 75227",,75227,,,,,,,,,,,,,4.2,5
"Crawford Services, Inc",(214) 271-8800,timbuford@crawfordserv.com,Upgrade,http://www.crawford-services.com/,,,,,,1405 Avenue T,Grand Prairie,75050,,,,y,,y,,,,,4.4,28,4.9,130
Dalco Air Conditioning & Heating Company,(469) 608-2435,sales@dalcoac.com,Upgrade,http://www.dalcoac.com/,,,,,,"7310 Military Pkwy,  Dallas,  TX 75227",Dallas,75227,,,,y,,y,,,3,2,,,5,2
Benchmark Service,(972) 790-3900,jack@benchmarkservice.net,Upgrade,http://www.benchmarkservice.net,https://www.linkedin.com/company/404879,https://www.facebook.com/pages/Benchmark-Service/234224523292032,,,,1704 Etain Rd,Irving,75060,,,,,,y,y,,,,,,5,25
Total Air & Heat Co.,(469) 299-8318,service@totalair.com,Upgrade,http://www.totalair.com/,,https://www.facebook.com/TotalAirandHeat,,19,https://www.twitter.com/TotalAirPlano,1408 O Ave,Plano,75074,,,,y,y,y,y,,4,20,4.9,76,4.7,230
"Cody & Sons Plumbing, Heating & Air",(214) 785-6774,info@codyandsonsplumbing.com,Upgrade,http://www.codyandsons.com,,,,30,,209 W Clarendon Dr,Dallas,75208,,,,y,,,,,,,4.9,180,4.9,295
Willard Heating And Air Conditioning,(972) 330-2064,info@willardac.com,Upgrade,https://www.willardac.com/,,https://www.facebook.com/pages/Willard-Heating-Air-Conditioning/230208583665776,,52,https://www.twitter.com/willardair/,207 E,Forney,75126,y,y,,y,y,y,y,,2,19,4.6,73,4.8,258
Houk Air Conditioning Inc.,(972) 991-4685,facebook@houkac.com,Upgrade,https://www.houkac.com/,,,,,,833 111th St,Arlington,76011,y,y,,y,y,y,y,,5,1,4.2,76,4.8,318
Rays Emergency Air Conditioning and Heating,(214) 574-5500,info@servicecityelectric.com,Upgrade,http://www.raysemergencyair.com/,,https://www.facebook.com/raysemergencyair,,,https://www.twitter.com/raysair,"10907 Shady Trail Suite 103,  Dallas,  TX 75220",,10907,y,,,,,y,,,,,,,2.8,6
Nickâ€™s Air Services,(214) 900-6096,nicksairconditioning@gmail.com,Upgrade,http://nicksair.com,,https://www.facebook.com/Nicksair/,,,,101 E Park Blvd,Plano,75074,,,,,,y,,,5,94,,,,
Energy Attic,(469) 215-5922,info@energyattic.com,Upgrade,https://www.energyattic.com/,,https://www.facebook.com/EnergyAttic/,,,https://www.twitter.com/energy_attic,811 E Plano Parkway Suite 120,Plano,75074,,y,,y,y,y,y,,5,46,4.9,22,4.9,88
Samms Heating and Air Conditioning,(469) 606-9260,info@sammsheatingandair.com,Upgrade,https://www.sammsheatingandair.com/,,https://www.facebook.com/SammsHeatingandAir,,,https://www.twitter.com/sammsheatandair,250 Chisholm Place,Plano,75075,y,,,y,y,y,y,,4.5,51,4.8,148,4.8,290
Tempo Air,(972) 579-2000,info@tempoair.com,Upgrade,http://www.temposervice.com,https://www.linkedin.com/company/2189409,https://www.facebook.com/TempoAir/,,65,https://www.twitter.com/tempoair,911 Maryland Dr,Irving,75061,,,,y,y,y,y,,4,28,4.8,215,2.6,5
Air Temp,(214) 766-3962,airtemp12@yahoo.com,Upgrade,http://www.airtempdallas.com,,https://www.facebook.com/airtempdallas/,,,,,Dallas,75224,,,,,,y,y,,5,10,,,,
My Texas Home Services,(469) 992-2221,service@mytexashomeservices.com,Upgrade,http://mytexashomeservices.com,,https://www.facebook.com/My-Texas-Home-Services-899501953774553/,,,,,Dallas,75229,,,,y,y,y,y,,5,2,,,,
Serveway Heating & Air Conditioning,(469) 231-9379,dispatch@servewayhvac.com,Upgrade,http://www.servewayhvac.com,,https://www.facebook.com/servewayhvac,,,,,Dallas,75228,,,,y,y,y,y,,3.5,12,,,,
Rock Solid Heating & Cooling,(972) 955-6190,rocksolidac@gmail.com,Upgrade,http://rocksolidac.com,,https://www.facebook.com/rocksolidac,,,,,Mckinney,75070,,,,,,y,,,5,64,,,,
Go Heating & Air,(972) 532-0008,info@goairservices.com,Upgrade,http://GoAirServices.com,,https://www.facebook.com/GoHeatingandAir,,,https://www.twitter.com/goheatingandair,624 Krona Dr,Plano,75074,,,,y,y,y,y,,5,4,5,3,5,15
Demand Cooling,(972) 241-0573,ken@demandcooling.com,Upgrade,http://www.demandcooling.com,https://www.linkedin.com/company/demand-cooling,https://www.facebook.com/pages/Demand-Cooling/147463285305374,,,,2540 Glenda Ln,Dallas,75229,,,,,y,y,y,,5,1,5,1,,
Aces AC and Heat,(844) 878-9348,acesacandheat@yahoo.com,Upgrade,http://www.acesacandheat.com,,https://www.facebook.com/acesacandheat,,,https://www.twitter.com/wix,503 N Horne St,Duncanville,75116,,,,y,,y,,,4.5,7,,,4.7,10
Adam The Answerman,(214) 414-7846,adam@adamtheanswerman.net,Upgrade,http://www.adamtheanswerman.net,,,,,,11620 Plano Rd,Dallas,75243,,,,y,,y,,,4.5,11,5,24,,
"Elliott AC, Heating and Handyman Services",(972) 355-4688,elliott_ac@verizon.net,Upgrade,http://www.elliottac.us,,,,,,3926 Sweetgum Ct.,Flower Mound,75028,,,,y,,y,,,5,3,,,,
U-FIX-IT Appliance Parts,(972) 780-9096,info@ufixit.com,Upgrade,https://www.ufixit.com/,https://www.linkedin.com/in/jplummerufi,https://www.facebook.com/ufixit,,,https://www.twitter.com/ufixitappliance,7405 S Westmoreland Rd,Dallas,75237,,y,,y,y,y,y,,4,7,3.9,7,4.5,76
Optimum Air Co,(682) 323-5029,service@optimumairco.com,Upgrade,http://www.optimumairco.com,,https://www.facebook.com/pages/Optimum-Air-Co/221300738010168,,,,1002 Harrison Ave,Arlington,76016,,,,y,,y,y,,4.5,35,,,4.4,16
SHR A/C & Heating,(469) 226-8606,steven@airandheatindallas.com,Upgrade,http://www.airandheatindallas.com,,https://www.facebook.com/pages/SHR-AC-Heating/823676684374153,,,https://www.twitter.com/shracheat,,Dallas,75252,y,,,y,y,y,,,5,18,5,24,,
Electrician On Call,(214) 235-7251,dave@eocdfw.com,Upgrade,http://www.electricianoncall.com/,,https://www.facebook.com/ElectricianOnCall,,,https://www.twitter.com/Dave_OnCallTX,6703 Levelland,Dallas,75252,y,,,y,,y,,,4.5,133,5,38,4.8,89
A#1 Air,(972) 755-4483,info@anumber1air.com,Upgrade,http://www.anumber1air.com,https://www.linkedin.com/company/a-1-air,https://www.facebook.com/anumber1air,,,https://www.twitter.com/anumber1air,601 E Corporate Dr,Lewisville,75057,y,y,,y,y,y,y,,2.5,275,4.4,1221,4.4,"1,234"
Speedy Services,(214) 337-7352,service@speedyairservices.com,Upgrade,http://www.speedyairservices.com,,https://www.facebook.com/speedyservices/,,,,,Dallas,75211,,,,y,,y,y,,,,,,,
Joe W Fly Co,(214) 634-2200,info@joeflyco.com,Upgrade,http://joeflyco.com,https://www.linkedin.com/company/joe-w.-fly-co.-inc.,https://www.facebook.com/joeflyco,,,https://www.twitter.com/joeflyco,4820 Memphis St,Dallas,75207,,,,y,y,y,y,,,,,,,
Waterside Home Maintenance Concierge,(972) 248-1400,whmc@watersidecompanies.com,Upgrade,http://www.watersidehmc.com,https://www.linkedin.com/company/17881707,https://www.facebook.com/WatersideHMC/,,,,5055 Keller Springs Rd,Dallas,75001,,,,y,y,y,,,,,,,,
Precision Geothermal AC Repair,(972) 214-9795,roa.victor.geoguy@gmail.com,Upgrade,http://www.precision-geothermal.com,,https://www.facebook.com/PrecisionGeothermal/,,,,,Dallas,75251,,,,y,,y,,,5,2,,,,
Metroplex AC and Heating,(214) 566-3239,bakerbrothersheatandair@gmail.com,Upgrade,http://www.metroplexacandheating.com,,https://www.facebook.com/Metroplex-AC-and-Heating-451154864934809/,,,,"4007 St Christopher Ln,  Dallas,  TX 75287",Dallas,75287,,,,,,y,,,5,1,,,5,2
Mechanical Comfort Systems,(214) 333-4410,office@mcs-services.com,Upgrade,http://www.keepingamericacool.com/,,https://www.facebook.com/MechanicalComfortSystems/,,,,"3439 Banning St,  Dallas,  TX 75233",Dallas,75233,,,,,y,y,y,,5,1,,,5,5
AIRTEX Air Conditioning and Heating,(817) 236-0013,airtex.west@gmail.com,Upgrade,http://www.airtexac.com,,,,,,,Dallas,75208,,,,y,y,y,,,5,2,,,,
Rainey Day Climate Control,(972) 238-1110,clay.rainey@yahoo.com,Upgrade,http://www.raineydayclimatecontrol.com/,,https://www.facebook.com/pages/Rainey-Day-Climate-Control/341972575903896,,,,,Richardson,75081,,,,,,,,,5,14,,,,
Coolmyatticnow.com - Solar Attic Fans,(214) 562-6911,info@coolmyatticnow.com,Upgrade,http://coolmyatticnow.com/,,https://www.facebook.com/pages/Coolmyatticnowcom/169442219750960,,,https://www.twitter.com/andrewjetm,,Dallas,75214,,,,y,y,y,y,,5,1,5,8,,
HVAC ServicePro,(817) 856-2636,,Upgrade,http://www.hvacserviceprodfw.com/index.html,,https://www.facebook.com/132116983865072,https://www.instagram.com/4droofingandconstruction/,,,3515 Sycamore School Rd. Suite 125 PMB358,Fort Worth,76133,,,,,,y,y,,,,5,4,,
Carlisle HVAC,(972) 442-6545,,Upgrade,http://carlislehvac.com,https://www.linkedin.com/company/hardcast,https://www.facebook.com/hardcast65,https://www.instagram.com/hardcast65/,,https://www.twitter.com/hardcast65,900 Hensley Ln,Wylie,75098,,,,y,,,,,,,,,,
Mansfield Gas & Muffler Shop,(817) 473-2653,,Upgrade,https://www.buildzoom.com/.../mansfield-gas-exhaust-a-b-muffler-shop,https://www.linkedin.com/company/buildzoom,https://www.facebook.com/buildzoom/,https://www.instagram.com/buildzoom/,,https://www.twitter.com/BuildZoom,1304 N Main St,Mansfield,76063,y,y,,,,y,,,,,3.7,15,,
"Correct Temp, LLC HVAC",(469) 525-8123,,Upgrade,http://hvacfixit.com,,https://www.facebook.com/hvacfixit/,https://www.instagram.com/correcttemp/,,https://www.twitter.com/CorrectTempLLC,2701 Little Elm Pkwy Suite 100-544,Little Elm,75068,,,,,,y,y,,,,5,9,,
Comfort Technologies LLC Air Conditioning and Heating,(817) 542-0962,,Upgrade,http://comforttechllc.com,https://www.linkedin.com/company/2927745/,https://www.facebook.com/comforttechllcHVAC,https://www.instagram.com/comforttechllchvac/,,https://www.twitter.com/comforttech817,2311 Michigan Ct.,Arlington,76016,y,,,y,,y,y,,,,5,25,5,6
TDIndustries Inc,(972) 888-9500,,Upgrade,https://www.tdindustries.com/,https://www.linkedin.com/company/tdindustries,,https://www.instagram.com/tdindustries/,,https://www.twitter.com/tdindustries,"13850 Diplomat Dr,  Dallas,  TX 75234",,13850,,y,,y,,y,,,,,,,3.2,9
Air Rey Service DFW,(844) 424-7739,,Upgrade,http://www.airreydfw.com/,,https://www.facebook.com/AirReyS/,https://www.instagram.com/air_rey_dallas/,,https://www.twitter.com/rey_air,"11140 Petal St %23500,  Dallas,  TX 75238",,11140,y,y,,y,,,,,,,,,3.6,11
Elite Air and Heating,(972) 559-9421,,Upgrade,http://www.eliteairandheatingtx.com/,,https://www.facebook.com/EliteAirTexas/,https://www.instagram.com/eliteairandconstruction/,,,"Installation Heating commercial HVAC Rooftop Unit repair,  17446 energy ln Air conditioning,  Dallas,  TX 75252",,17446,,,,y,,y,,,,,,,5,10
Cowboy Services Air Conditioning and Heating,(214) 775-9971,,Upgrade,https://cowboysacdallas.com/,,https://www.facebook.com/cowboyservicesdallas/,https://www.instagram.com/cowboyservices/,,https://www.twitter.com/cowboy_services,"10859 Shady Trail %23109,  Dallas,  TX 75220",,10859,,,,y,,y,y,,,,,,4.7,13
"Breathe Pure Dallas - Mold Remediation, Water Damage, HVAC",(972) 278-2900,,Upgrade,https://www.breathepuredallas.com/,,https://www.facebook.com/breathepuredallas,https://www.instagram.com/breathe_pure_tx,,https://www.twitter.com/breathe_pure_tx,"Water Damage,  HVAC,  8301 Lakeview Pkwy,  Rowlett,  TX 75088",,75088,,,,y,,y,,,,,,,5,3
Classic Air AC and Heating,(972) 287-5226,,Upgrade,http://www.classicairandheat.com,,https://www.facebook.com/callclassicair/,https://www.instagram.com/callclassicair/,,https://www.twitter.com/callclassicair,4111 Hwy 80,Dallas,75150,,,,,,y,y,,4.5,31,5,1,,
Martech Hvac,(214) 705-4315,,Upgrade,http://dfwairconditioner.com,,https://www.facebook.com/dfwairconditioner/,https://www.instagram.com/dfwairconditioner/,,,2351 W Northwest Hwy,Dallas,75220,,,,y,y,y,y,,,,,,,
HVAC Solutions,(469) 586-5726,,Upgrade,http://www.dallashvacsolutions.com/,https://www.linkedin.com/company/hostinger-international,https://www.facebook.com/Hostinger,,,https://www.twitter.com/hostingercom,2513 E Union Bower Rd,Irving,75061,y,,,y,,y,,,,,5,2,,
All Around HVAC Services Staffing,(214) 905-8011,,Upgrade,http://www.allaroundhvacstaffing.com,,,,,,1220 Riverbend Dr #104,Dallas,75247,,,,,,,,,,,5,2,,
Hvac service,(469) 401-8260,,Upgrade,,,,,,,602 big thicket trail,Mesquite,75149,,,,,,,,,,,,,,
HVAC Dallas Training Center,(214) 218-6173,,Upgrade,,,,,,,1230 River Bend Dr *Suite 217,Dallas,75247,,,,,,,,,,,,,,
C & G Hvac,(214) 613-6500,,Upgrade,,,,,,,702 W Commerce St,Dallas,75208,,,,,,,,,,,,,,
Klassic Hvac Services,(214) 760-1525,,Upgrade,,,,,,,702 W Commerce St,Dallas,75208,,,,,,,,,,,,,,
Mansfield HVAC Company,(817) 349-6059,,Upgrade,http://www.mansfieldhvac.com,,,,,,822 Woodlawn Ave,Dallas,75208,,,,,,,,,,,,,,
Hvac Multiservices,(214) 727-1688,,Upgrade,,,,,,,6512  Fawn Hollow Dr,Plano,75074,,,,,,,,,,,,,,
HVAC Career Now,(866) 893-4402,,Upgrade,https://hvaccareernow.com/,,https://www.facebook.com/HVACCareerNow,,54,https://www.twitter.com/hvacCNB,1800 Eastgate Dr,Garland,75041,,,,y,,y,,,,,,,,
Hvac Consultants,(972) 769-9331,,Upgrade,,,,,,,3528  Darion Ln,Plano,75093,,,,,,,,,,,,,,
Hvac Agent,(940) 497-1195,,Upgrade,http://www.hvacagent.com,https://www.linkedin.com/company/myopenjobs/products,https://www.facebook.com/hvacagent,,,https://www.twitter.com/HVACAGENTcom,507 Main St Ste 100,Lake Dallas,75065,,,,y,,,,,,,,,,
LEON HVAC,(682) 309-9929,,Upgrade,,,,,,,,Fort Worth,76106,,,,,,,,,,,,,,
HVAC Barraza,(817) 305-6073,,Upgrade,,,,,,,1041 E ALLEN AV,Fort Worth,76104,,,,,,,,,,,,,,
i-Temp HVAC,(214) 327-9917,,Upgrade,,,,,,,2011 Crest Ridge Dr,Dallas,75228,,,,,,,,,,,,,,
Perry Hvac,(214) 676-2424,,Upgrade,http://www.perryhvac.com,,https://www.facebook.com/PerryHVAC/,,,,10000 N Central Expy,Dallas,75231,,,,y,,y,y,,,,,,,
Hvac Line Guide,(214) 282-8777,,Upgrade,,,,,,,1537  Bilco St,Dallas,75232,,,,,,,,,,,,,,
D2 HVAC,(817) 308-0871,,Upgrade,,,,,,,3605 Winslow Dr,Arlington,76015,,,,,,,,,,,,,,
R&M HVAC Service,(214) 946-4822,,Upgrade,,,,,,,206 S Zang Blvd,Dallas,75208,,,,,,,,,,,4.3,3,,
Seal Heating and Air Conditioning,(817) 382-7088,,Upgrade,http://www.sealheatingandairconditioning.com,https://www.linkedin.com/in/ron-meade-54477157,https://www.facebook.com/SealHvac/,,,https://www.twitter.com/seal_ac,4901 Chaps Ave,Fort Worth,76244,,,,,y,y,y,,5,14,5,6,5,99
HVAC Career Now,(866) 893-4402,,Upgrade,https://hvaccareernow.com/,,https://www.facebook.com/HVACCareerNow,,54,https://www.twitter.com/hvacCNB,300 Six Flags Drive,Arlington,76011,,,,y,,y,,,,,,,,
HVAC Testing,(817) 275-4498,,Upgrade,,,,,,,2304 W Pioneer Pkwy,Pantego,76013,,,,,,,,,,,,,,
Sandouk HVAC,(469) 401-6615,,Upgrade,http://www.localhvacservicesirving.com/,,,,,,120 E Scotland Dr,Irving,75062,,,,y,,y,,,,,,,,
Matrix HVAC,(682) 234-9599,,Upgrade,http://www.matrix-hvac.com,,,,,,14120 Esperanza Dr,Haslet,76052,,,,,,,,,,,5,1,,
HVAC SheetMetal WORK,(214) 325-0652,,Upgrade,,,,,,,Buckingham Rd,Garland,75040,,,,,,,,,,,,,,
Stuart Hvac,(972) 416-3413,,Upgrade,http://www.stuarthvac.us/,,,,,,2830 Joanna Dr,Farmers Branch,75234,y,,,y,,y,y,,,,,,,
Lighting HVAC,(214) 600-6587,,Upgrade,,,,,,,4026 N Story Rd,Irving,75038,,,,,,,,,,,,,,
"Perry HVAC ""The Roof Top Experts"" Since 1954",(214) 714-6365,,Upgrade,http://www.perryhvac.com,,https://www.facebook.com/PerryHVAC/,,,,10000 N Central Expy,Dallas,75231,,,,y,,y,y,,,,5,4,,
KDS Hvac,(817) 891-4481,,Upgrade,,,,,,,713 N Ray St,Alvarado,76009,,,,,,,,,,,,,,
Hvac Heating and General Contractors Are US,(682) 248-3313,,Upgrade,,,,,,,1222 Corporate Dr W Suite C,Arlington,76006,,,,,,,,,,,,,,
Hart Hvac,(817) 521-4577,,Upgrade,http://www.davidharthvac.com/,,,,,,4109 Tiburon St,Fort Worth,76106,,,,,,,,,5,1,,,,
MG HVAC Sales,(214) 783-7666,,Upgrade,,,,,,,10788 Harry Hines Blvd. Suite H-27,Dallas,75220,,,,,,,,,,,,,,
Mbp HVAC,(469) 323-8202,,Upgrade,http://www.mbpheatingandair.com,,,,,,9620 Straightaway Dr,McKinney,75070,,,,,,y,,,,,,,,
Metco Hvac,(817) 966-2319,,Upgrade,,,,,,,6508  Spencer Dr,Arlington,76002,,,,,,,,,,,5,2,,
Peerless HVAC,(214) 295-4484,,Upgrade,http://www.peerless-hvac-service.com,,,,,,2855 Exchange Blvd,Southlake,76092,,,,,y,y,y,,,,5,14,,
Stuart HVAC,(972) 388-4428,,Upgrade,http://www.stuarthvac.us,,,,,,2006 William Ln,Carrollton,75006,,,,y,,y,y,,5,1,,,,
Advantage Hvac,(469) 652-3023,,Upgrade,http://www.advantagehvacoftexas.com,,,,,,8080  Private Road 2544,Hunt,75474,,,,,,,,,,,,,,
Mars Hvac Plumbing,(469) 513-2208,,Upgrade,,,,,,,25  Highland Park Vlg,Highland Park,75205,,,,,,,,,,,,,,
Hitech Hvac,(214) 557-2436,,Upgrade,http://www.hitechhvac.com/,,,,,,17515 Marianne Cir,Dallas,75252,,,,,,,,,,,,,,
E-Enterprise Hvac,(817) 467-2121,,Upgrade,,,,,,,421 Hillcrest St,Mansfield,76063,,,,,,,,,,,,,,
R & M Hvac Service,(214) 946-4822,,Upgrade,http://www.rmhvac.com/,,,,,,1003 W Davis St,Dallas,75208,,,,,,,,,,,,,,
Hvac Maintenance Management,(214) 546-3483,,Upgrade,,,,,,,3805  Bond St,Rowlett,75088,,,,,,,,,,,,,,
Martin Hvac,(817) 563-6585,,Upgrade,,,,,,,4312  Enchanted Oaks Dr,Arlington,76016,,,,,,,,,,,,,,
HVAC Career Now,(866) 893-4402,,Upgrade,https://hvaccareernow.com/,,https://www.facebook.com/HVACCareerNow,,54,https://www.twitter.com/hvacCNB,300 E. Loop 820,Fort Worth,76112,,,,y,,y,,,,,,,,
Appliance Repairs DFW,(817) 440-7068,,Upgrade,http://www.applianceappointment.com/profile/fix-it-now-appliance-repair-katy-texas.html,,https://www.facebook.com/ApplianceAppointment,,,https://www.twitter.com/ApplianceAppt,2529 Minnis Dr Ste I,Haltom City,76117,,,,y,,y,,,,,,,,
Yglesias Hvac,(817) 535-8216,,Upgrade,,,,,,,3509  Avenue J,Fort Worth,76105,,,,,,,,,,,,,,
Mansfield HVAC,(682) 628-6140,,Upgrade,,,,,,,101 W Dallas St,Mansfield,76063,,,,,,,,,,,,,,
A&A HVAC Service,(214) 347-6975,,Upgrade,,,,,,,10500 lake june rd,Dallas,75217,,,,,,,,,,,,,,
Waskom HVAC,(972) 617-2221,,Upgrade,,,,,,,153 Rocky Ridge Rd,Red Oak,75154-5034,,,,,,,,,,,5,2,,
Strongtower Hvac Services,(469) 569-1732,,Upgrade,,,,,,,5832  Emrose Ter,Dallas,75227,,,,,,,,,,,,,,
Ferguson HVAC Supply,(972) 245-5747,,Upgrade,https://www.ferguson.com/branch/carrollton-tx-hvac,,https://www.facebook.com/FergusonShowrooms,,17,https://www.twitter.com/ferguson_fei,1705 Wallace Dr Ste 112,Carrollton,75006,,,,,,y,,,,,,,,
Elliott Refrigeration and HVAC,(817) 807-1581,,Upgrade,http://elliottrefrigeration.com,,https://www.facebook.com/Tajricthe/,,,,P.O. Box 822694,North Richland Hills,76182,,,,y,,y,y,,,,5,3,,
Strikeforce Hvac Repair Company,(972) 467-3185,,Upgrade,http://www.hvacrepairdallastx.com/,https://www.linkedin.com/in/toby-puttrich-50aa0441/,https://www.facebook.com/StrikeForceHeatingAndAirConditioning/,,22,,4500 Mockingbird Ln,Dallas,75205,,,,y,,y,,,,,,,,
Aerotech Hvac,(469) 614-2885,,Upgrade,http://aerotechhvac1520.com,,,,,,120 E McCoulskey St,Terrell,75160,,,,,,,,,,,,,5,2
Sunshine HVAC Dynamics,(972) 982-7870,,Upgrade,http://sunshineheatingandac.com,,,,,,,Dallas,75244,,,,,,,,,,,,,,
Jutley Mechanical HVAC,(214) 416-1140,,Upgrade,,,,,,,13901 Midway Rd Suite 102-163,Dallas,75244,,,,,,,,,,,,,,
Tradesman of Texas - HVAC,(817) 915-4419,,Upgrade,http://www.tradesmanoftexas.com,,,,,,5537 Eastwedge Dr,Fort Worth,76137,,,,,,,,,,,5,1,,
Darden HVAC & Appliance,(682) 701-3033,,Upgrade,,,,,,,5507 Purdue Ave,Fort Worth,76123,,,,,,,,,,,,,,
Tellez HVAC Services,(214) 893-1727,,Upgrade,,,,,,,1630 Gentry Place,Grand Prairie,7505,,,,,,,,,,,,,,
Lumart Hvac Engineering,(972) 243-5508,,Upgrade,http://www.lumarthvacengineering.com,,,,,,11126 Shady Trl Ste 115,Dallas,75229,,,,,,y,y,,,,,,,
Jones Mechanical HVAC Services,(817) 298-1244,,Upgrade,http://jonescoldair.com,,,,,,5045 David Strickland Rd,Fort Worth,76119,,,,,,,,,,,5,1,,
Wesley Ramirez HVAC,(469) 438-1530,,Upgrade,http://www.wyliehvacservice.com,,,,,,5204 Old Shepard Pl,Plano,75093,,,,,,y,y,,5,5,5,16,,
Equator HVAC Mechanical,(469) 237-3059,,Upgrade,,,,,,,8992 Preston Rd,Frisco,75034,,,,,,,,,,,,,,
Mendez Hvac Subcontractor,(972) 613-6526,,Upgrade,,,,,,,5101  Presidio Dr,Garland,75043,,,,,,,,,,,,,,
Allen HVAC Services,(214) 632-7422,,Upgrade,http://www.allenhvac.net/,,,,,,313 Hubbard Dr,Heath,75032,,,,y,,,,,,,4.8,12,4.8,4
J C Heine HVAC,(972) 875-8383,,Upgrade,,,,,,,3324 Sleepy Hollow Rd,Ennis,75119,,,,,,,,,,,5,2,,
TOP HVAC Service Company,(214) 934-6728,,Upgrade,http://tophvac.net,,,,,,2831 Eldorado Pkwy,Frisco,75033,,,,,,y,,,,,3.2,11,,
Texas Hvac: AC & Heating,(817) 680-1829,,Upgrade,https://texas-hvac-ac-heating.com,,https://www.facebook.com/Texas-HVAC-AC-Heating-381345752330053/,,,,418  Coker Valley Dr,Kennedale,76060,,,,,,y,,,,,,,,
ALPHA OMEGA HVAC Service & Repair,(214) 455-6580,,Upgrade,,,,,,,1506 warrington way,Forney,75126,,,,,,,,,,,,,,
"New Generation-Hvac, LLC",(972) 478-5570,,Upgrade,,,,,,,10950 Dennis Rd,Dallas,75229,,,,,,,,,,,5,1,,
Solutions hvac repair & service,(214) 801-7997,,Upgrade,,,,,,,14647 Lasater Rd #113,Dallas,75253-7206,,,,,,,,,,,,,,
Sensible HVAC Wholesale,(800) 539-0685,,Upgrade,,,,,,,405 State Hwy 121,Lewisville,75067,,,,,,,,,,,,,,
Lumart Hvac Engineering,(817) 557-5334,,Upgrade,,,,,,,212  Menlo Park Dr,Arlington,76002,,,,,,,,,,,1,1,,
Ha Msr Refrigeration & Hvac,(469) 678-9887,,Upgrade,,,,,,,12753 Hilltops Dr,Balch Springs,75180,,,,,,,,,,,,,,
Jones HVAC Service Inc.,(662) 832-3566,,Upgrade,,,,,,,Your Area,Arlington,76001,,,,,,,,,,,,,,
One Air Earth Hvac,(469) 595-0675,,Upgrade,,,,,,,3818  Anthony Dr,Mesquite,75150,,,,,,,,,,,,,,
Als Plumbing and HVAC,(972) 727-0805,,Upgrade,http://alsplumbing.com/service-area/allen/,,,,,,190 E Stacy Rd,Allen,75002,,,,,,,,,,,,,,
Purity Air Hvca,(972) 255-0524,,Upgrade,,,,,,,2300  Valley View Ln,Irving,75062,,,,,,,,,,,,,,
Rockwall HVAC Repair,(972) 521-3915,,Upgrade,http://www.rockwallhvacrepair.com/,,,,,,2931 Ridge Rd Ste 101,Rockwall,75032,y,,,y,,y,,,5,1,,,,
Swift HVAC and Refrigeration Services,(940) 208-9191,,Upgrade,http://www.swifthvacandrefrigeration.com,,https://www.facebook.com/SwiftHVACandRefrigeration,,,,,Denton,76208,,,,,,y,,,,,,,,
Cool Temp Hvac-R Supplies,(972) 554-0091,,Upgrade,,,,,,,617 E 2nd St,Irving,75060,,,,,,,,,,,,,,
Two Js Hvac,(817) 684-7374,,Upgrade,,,,,,,2612  New Bedford Ct,Bedford,76022,,,,,,,,,,,,,,
Eco-Tech Plumbing & HVAC,(817) 680-9639,,Upgrade,http://www.eco-techplumbing.com/,,,,,,13232 Austin Stone Dr,Haslet,76052,,,,y,,,,,,,,,,
Frost Brothers Hvac Service,(214) 435-9080,,Upgrade,,,,,,,320  Smith St,Lewisville,75057,,,,,,,,,,,,,,
Metroplex Hvac Services,(817) 516-7334,,Upgrade,,,,,,,6514  Daisy Dr,Arlington,76017,,,,,,,,,,,,,,
Northstar Hvac Services,(972) 292-3000,,Upgrade,,,,,,,591  Diamond Point Dr,Oak Point,75068,,,,,,,,,,,,,,
Frost Brothers Heat and Air Conditioning,(972) 874-1001,,Upgrade,http://www.frostac.com,,https://www.facebook.com/Frostac/,,,,817 S Mill St,Lewisville,75057-4637,,,,y,,y,y,,,,5,1,,
RMS Hvac USA,(214) 769-0122,,Upgrade,,,,,,,1914  Ledgemont Ct,Allen,75013,,,,,,,,,,,,,,
R&R Hvac Contractors,(817) 944-5440,,Upgrade,,,,,,,5805  Acapulco Dr,North Richland Hills,76180,,,,,,,,,,,,,,
North Texas Hvac,(817) 470-5172,,Upgrade,,,,,,,2001  Holley Pkwy,Roanoke,76262,,,,,,,,,,,,,,
North Texas HVAC LLC,(817) 717-1855,,Upgrade,http://www.northtxhvac.com,,https://www.facebook.com/pages/North-Texas-HVAC-LLC/205949849474764,,,,,Southlake,76092,,,,y,,,y,,,,5,18,,
Frost Brothers Hvac,(972) 874-1001,,Upgrade,http://www.americanstandardair.com/,,https://www.facebook.com/AmericanStandardAir,,,,3501 Sunnyview Ln,Flower Mound,75022,,,,y,,y,,,,,,,,
Montgomery HVAC Service Co,(972) 442-5171,,Upgrade,http://www.montgomerysvc.com/,,https://www.facebook.com/montgomerysvc/,,,,"LLC,  2815 Sachse Rd,  Wylie,  TX 75098",Wylie,75098,,,,y,y,y,y,,4,10,,,5,17
"Home Remodeling,Certified HVAC Tech. Plumbing and Electrical.",(682) 300-5861,,Upgrade,,,,,,,8620 Meadow Way Lane,Alvarado,76009,,,,,,,,,,,,,,
Top Hvac Service,(214) 934-6728,,Upgrade,,,,,,,2025  Lakepointe Dr,Lewisville,75057,,,,,,,,,,,1,1,,
Lewis Ramseur Hvac,(972) 475-2112,,Upgrade,,,,,,,8706  Creekside Dr,Rowlett,75089,,,,,,,,,,,,,,
HVAC Building Services Inc,(972) 842-2068,,Upgrade,,,,,,,1710 Loop 561,Ferris,75125-8456,,,,,,,,,,,,,,
Lewiss Plano HVAC Van,(469) 270-8761,,Upgrade,,,,,,,1017 N Central Expy,Plano,75075,,,,,,,,,,,,,,
Roberts Hvac Service Company,(469) 939-3612,,Upgrade,,,,,,,3310  Larkin Ln,Rowlett,75089,,,,,,,,,,,,,,
"Rms Hvac USA, Llc",(214) 769-0122,,Upgrade,,,,,,,2033 West Mc Dermott Road,Allen,75013,,,,,,,,,,,,,,
C and C of North Texas,(817) 755-1728,,Upgrade,http://www.dcmechanicalservice.com/,,,,,,10720 Tube Dr,Hurst,76053-7920,,,,y,,y,,,,,5,1,,
Art Electric and HVAC,(972) 475-0385,,Upgrade,http://www.artsairconditioningrepair.com/,https://www.linkedin.com/company/art-electric-,https://www.facebook.com/ArtElectricHVAC/,,,https://www.twitter.com/artelectrichvac,5014 Southport Dr,Rowlett,75088-2801,y,,,y,,y,,,,,,,,
United Rentals,(817) 419-6345,,Upgrade,https://www.unitedrentals.com/locations/tx/arlington/power-hvac-rentals/h40,https://www.linkedin.com/company/united-rentals,https://www.facebook.com/United-Rentals-200631115132/,,,https://www.twitter.com/United_Rentals,1012 W Harris Rd,Arlington,76001,,,,y,,y,,,,,,,4.3,3
Rods Electrical and Lighting HVAC,(817) 534-0696,,Upgrade,http://www.rodtheelectrician.com,,,,,,3727 S Little John Ave,Fort Worth,76105,,,,,,,,,,,4.8,11,,
3 Stars Hvac/Heater,(972) 288-2941,,Upgrade,,,,,,,12604  Ridgeside Dr,Balch Springs,75180,,,,,,,,,,,,,,
Engineered Comfort HVAC,(817) 264-2852,,Upgrade,,,,,,,P.O. Box 330672,Fort Worth,76102,,,,,,,,,,,5,27,,
AIR 2 AIR Heating & Air Conditioning,(214) 772-8538,,Upgrade,http://www.air2airhvac.com,,,,,,P.O. Box 451901,Garland,75045,,,,,,y,,,,,5,6,,
Trendsetters Air Conditioning,(214) 837-3576,,Upgrade,,,,,,,101 E US Highway 80,Forney,75126,,,,,,,,,,,5,8,,
RL Services,(817) 564-3975,,Upgrade,http://raymondlopezservices.com,,,,,,Buckeye St.,Fort Worth,76137,y,,,y,y,y,,,5,3,5,1,,
Tam Hvacr,(972) 223-2901,,Upgrade,,,,,,,203  Dancing Light Ln,Red Oak,75154,,,,,,,,,,,,,,
Jaric A/C and Heating Company,(972) 423-1279,,Upgrade,http://www.gojaric.com,,https://www.facebook.com/pg/Jaric-Air-Conditioning-and-Heating-Company-Since-1973-240624231611/,,,,825 Watters Creek Blvd,Allen,75013,y,,,y,y,y,y,,3.5,3,4.8,11,4.6,9
"Hamil, Harrison & Co.",(972) 875-5747,,Upgrade,http://www.hhhhvac.com/,,,,,,805 Lake Bardwell Dr,Ennis,75119,,y,,y,,y,,,,,5,4,5,28
Hvacbusinesspartner,(580) 284-7434,,Upgrade,,,,,,,,Frisco,75035,,,,,,,,,,,,,,
Morrisonâ€™s Heating and Air,(940) 597-6099,,Upgrade,http://morrisonsheatingandair.com,,,,,,"706 S Locust St,  Denton,  TX 76201",Denton,76201,,,,,,,,,5,1,4.9,9,4.8,18
Savage Heating & Air Conditioning,(972) 422-5797,,Upgrade,http://www.savageair.com,,,,,,1920 K Ave,Plano,75074,,,,,,,,,,,4.8,5,,
Firehouse Heating and Air,(469) 247-3234,,Upgrade,,,,,,,,,,,,,,,,,,,,,,5,16
Strike Force Heating & Air LLC,(214) 570-4966,,Upgrade,http://www.hvacrepairdallastx.com/,https://www.linkedin.com/in/toby-puttrich-50aa0441/,https://www.facebook.com/StrikeForceHeatingAndAirConditioning/,,22,,"13575 Goldmark G114,  Dallas,  TX 75240",,13575,,,,y,,y,,,,,,,4.8,29
Air Force One Air Conditioning,(214) 242-6977,,Upgrade,https://www.airforce1ac.com/,,https://www.facebook.com/AirForceOneAC/,,10,https://www.twitter.com/AirForceOneAC,"10226 Plano Rd %23106,  Dallas,  TX 75238",,10226,y,y,,y,,y,,,,,,,4.5,72
"Climate Tech Air Conditioning & Heating, LLC",(972) 254-6283,,Upgrade,http://www.theclimatetech.com/,,https://www.facebook.com/ClimateTechAC,,42,https://www.twitter.com/climatetechac,"LLC,  13657 Jupiter Rd %23111,  Dallas,  TX 75238",,13657,,,,y,,y,y,,,,,,4.4,23
Sala Air Conditioning,(214) 742-7252,,Upgrade,http://salaair.com/,,https://www.facebook.com/Sala-Air-Conditioning-165214570180018/,,27,https://www.twitter.com/salaair,"4530 Mint Way,  Dallas,  TX 75236",Dallas,75236,,,,,,y,,,4.5,15,,,5,10
Aire Serv of Dallas,(972) 992-5648,,Upgrade,https://www.aireserv.com/dallas/,https://www.linkedin.com/company/aire-serv,https://www.facebook.com/AireServLLC,,55,https://www.twitter.com/AireServ,"5930 Lyndon B Johnson Fwy %23250,  Dallas,  TX 75240",,23250,y,y,,y,,y,,,,,,,5,19
"Aire Texas Residential Services, Inc.",(972) 544-4811,,Upgrade,https://www.airetexas.com/,,https://www.facebook.com/airetexas/,,31,https://www.twitter.com/airetexas,"Inc.,  13650 T I Blvd %23202,  Dallas,  TX 75243",,13650,y,y,,y,,y,,,,,,,4.8,295
Efficient Home Solutions,(214) 612-7493,,Upgrade,http://ehshvac.com/,https://www.linkedin.com/company/efficient-home-solutions,https://www.facebook.com/EHSHVAC,,23,https://www.twitter.com/Efficienthomsol,"10000 S Central Expy %23400,  Dallas,  TX 75231",,10000,,,,y,,y,y,,,,,,4.8,65
Hooper Plumbing & Air Conditioning,(214) 363-2543,,Upgrade,https://www.hooperplumbing.com/,,https://www.facebook.com/pages/Hooper-Plumbing-AC/347330466519,,,https://www.twitter.com/HooperPlumbing,6725 Hillcrest Ave Suite A,Dallas,75205,y,,,y,y,y,y,,4.5,8,4.2,7,4.4,23
"Wilson Heating, Air & Plumbing",(214) 655-2665,,Upgrade,http://www.wilsonsvc.com/,,,,35,,"Air %26 Plumbing,  10528 Garland Rd,  Dallas,  TX 75218",,10528,,,,y,,y,,,,,,,3.5,39
Lumart Air Conditioning And Heating,(972) 243-5508,,Upgrade,http://www.lumarthvacengineering.com/,,,,,,"11126 Shady Trail,  Dallas,  TX 75229",,11126,,,,,,y,y,,,,,,1.1,15
Guardian Services,(214) 637-1520,,Upgrade,https://guardiandallas.com/,https://www.linkedin.com/company/guardian-services,https://www.facebook.com/pages/Guardian-Services/227152390643918,,,https://www.twitter.com/GuardianTexas,"11522 Pagemill Rd,  Dallas,  TX 75243",,11522,y,y,,y,,y,y,,,,,,4.9,7
Allen HVAC Services,(214) 632-7422,,Upgrade,http://allenhvac.net/,,,,,,"10311 Crittendon Dr,  Dallas,  TX 75229",,10311,,,,y,,,,,,,,,,
Air Patrol Air Conditioning & Heating,(214) 261-0034,,Upgrade,http://www.airpatrolac.com/,,https://www.facebook.com/pages/AIR-PATROL-AIR-CONDITIONING-HEATING/250337326901,,59,https://www.twitter.com/Airpatrolac,"13644 Neutron Rd Suite 100,  Dallas,  TX 75244",,13644,y,,,y,,y,y,,,,,,5,15
Frymire Home Services,(972) 535-6923,,Upgrade,http://www.frymire.com/,,https://www.facebook.com/frymireservices/,,9,https://www.twitter.com/frymirehs,"2818 Satsuma Dr,  Dallas,  TX 75229",Dallas,75229,y,,,y,y,y,,,3,88,,,4.6,639
City Wide Mechanical Inc,(214) 821-8468,,Upgrade,https://www.citywidemechanical.com/,https://www.linkedin.com/company/wix-com,https://www.facebook.com/pages/City-Wide-Mechanical-Inc,,,,3825 Bryan St,Dallas,75204,,,,,,y,,,,,3.1,8,2.9,8
Fillmore Air Conditioning Service & Repair,(214) 431-5789,,Upgrade,http://www.fillmorehvac.net/,,,,,,"7010 Fillmore Dr,  Dallas,  TX 75235",,75235,,,,,,y,,,,,,,4.2,5
CityLine Air Conditioning,(972) 776-4455,,Upgrade,https://www.citylineairconditioning.com/,,https://www.facebook.com/citylineac/,,12,https://www.twitter.com/,"11127 Shady Trail %23101,  Dallas,  TX 75229",,11127,y,,,y,,y,,,,,,,5,7
Trane HVAC Parts & Supplies,(214) 932-1221,,Upgrade,http://www.trane.com/,,,,45,,"5200 E Grand Ave Ste 520,  Dallas,  TX 75223",,75223,,,,,,y,,,,,,,3.9,8
Baker Distributing Company,(214) 638-5141,,Upgrade,http://www.bakerdist.com/,https://www.linkedin.com/company/baker-distributing-company/,https://www.facebook.com/BakerDist,,,https://www.twitter.com/bakerdist,"10701 N Stemmons Fwy,  Dallas,  TX 75220",,10701,,,,y,,y,,,,,,,4,2
Sears Heating and Air Conditioning,(214) 960-5972,,Upgrade,https://www.searshomeservices.com/locations/hi/hvac/tx/dallas,,https://www.facebook.com/Sears-Home-Services-482206868604897/,,,https://www.twitter.com/searshomeexpert,"3450 W Camp Wisdom Rd,  Dallas,  TX 75237",,75237,y,,,,,y,,,,,,,3.7,19
HVAC Repair Chief Dallas,(469) 620-1937,,Upgrade,http://www.chiefhvacrepair.com/heating-air-conditioning-contractors-dallas-tx/,,,,,,"4407 Kushla Ave,  Dallas,  TX 75216",,75216,,,,,,y,y,,,,,,5,1
Johnstone Supply,(210) 829-1934,,Upgrade,https://www.johnstonesupply.com/storefront/store41/home.ep,,https://www.facebook.com/JohnstoneSupplyDFW/,,,https://www.twitter.com/Johnstone_NO,"9311 Broadway St %23200,  San Antonio,  TX 78217",,23200,y,,,y,,y,y,,,,,,2.9,10
Appliance & Air Care Experts,(972) 771-5987,,Upgrade,http://www.aace.biz/,,https://www.facebook.com/ApplianceAndAirCareExperts/,,36,,"2701 Fondren Dr %23133,  Dallas,  TX 75206",,23133,,,,y,,y,,,,,,,4.9,231
Industrial Controls,(972) 671-1996,,Upgrade,http://www.industrialcontrolsonline.com/,https://www.linkedin.com/company/industrial-controls-distributors-llc,https://www.facebook.com/IndustrialControlsDistributors,,,https://www.twitter.com/IndControls,"10800 N Stemmons Fwy,  Dallas,  TX 75220",,10800,,,,y,,,y,,,,,,5,1
"A/C DFW Experts, LLC",(855) 522-3393,,Upgrade,,,,,,,"LLC,  15950 N Dallas Parkway,  suite 400,  Dallas,  TX 75252",,15950,,,,,,,,,,,,,3,8
Hedricks Service Now,(214) 503-1411,,Upgrade,http://www.callservicenow.com/,,https://www.facebook.com/pages/Hedricks-Service-Now/275752695963574,,,https://www.twitter.com/HedricksService,"11130 Petal St %23100,  Dallas,  TX 75238",,11130,,,,y,,y,y,,,,,,5,71
Son of Man Air and Heat,(214) 431-4116,,Upgrade,http://www.planohvaccontractor.com/,,,,,,"2030 Empire Central %23104,  Dallas,  TX 75235",,23104,,,,,,y,,,,,,,5,2
Underwood Heating & Air Conditioning,(214) 946-5161,,Upgrade,,,,,,,"1903 W 10th St,  Dallas,  TX 75208",,75208,,,,,,,,,,,,,5,2
New Generation Mechanical,(972) 830-9900,,Upgrade,http://www.newgenm.com/,,,,,,1133 Empire Central Dr,Dallas,75247,,,,,,y,,,,,5,1,3,2
Ashcraft Company Inc,(214) 361-6611,,Upgrade,http://www.ashcraftcompany.com/,,,,,,"7027 Twin Hills Ave,  Dallas,  TX 75231",,75231,,,,,,y,y,,,,,,4.7,3
Advanced Home Comfort,(972) 996-2511,,Upgrade,https://www.advancedhomecomfort.com/,,https://www.facebook.com/advancedhomecomfort/,,98,https://www.twitter.com/AdvancedHomeTX,"9774 Skillman St,  Dallas,  TX 75243",Dallas,75243,y,,,y,y,y,y,,3,4,,,4.3,13
Heating & Air Condtioning Dallas,(682) 582-8811,,Upgrade,,,,,,,"2858 Royal Ln %23522,  Dallas,  TX 75229",,23522,,,,,,,,,,,,,4.5,2
Heating and Air Conditioning Service Dallas,(214) 740-4099,,Upgrade,https://heating-and-air-conditioning-service-dallas.business.site/,,,,,,"11538 Harry Hines Blvd,  Dallas,  TX 75229",,11538,y,,,y,,y,,,,,,,,
Heating & AC Dallas,(972) 435-6635,,Upgrade,,,,,,,"2560 Southwell Rd %23446,  Dallas,  TX 75229",,23446,,,,,,,,,,,,,5,1
Dallas Heating & AC,(682) 463-1133,,Upgrade,,,,,,,"10758 N Stemmons Fwy %23729,  Dallas,  TX 75220",,10758,,,,,,,,,,,,,4,1
Pro Heating & Air Condtioning of Dallas,(469) 414-3811,,Upgrade,,,,,,,"12045 Shiloh Rd %23311,  Dallas,  TX 75228",,12045,,,,,,,,,,,,,,
Dallas Heating & Air Condtioning,(682) 334-8607,,Upgrade,,,,,,,"3650 N Buckner Blvd %23904,  Dallas,  TX 75228",,23904,,,,,,,,,,,,,5,1
Service Pros Heating & Air Condtioning Dallas,(682) 277-2760,,Upgrade,,,,,,,"7474 Fair Oaks Ave %23787,  Dallas,  TX 75231",,23787,,,,,,,,,,,,,5,1
HVAC Dallas Training Center,(214) 218-6173,,Upgrade,http://hvacdallastrainingcenter.com/index.php/contact/,,,,,,,,,,,,,,y,y,,,,,,4,1
"New Generation HVAC, LLC",(972) 478-5570,,Upgrade,,,,,,,"LLC,  10950 Dennis Rd,  Dallas,  TX 75229",,10950,,,,,,,,,,,,,5,1
Commercial HVAC Contractors Dallas,(469) 620-8339,,Upgrade,https://commercial-hvac-contractors-dallas.business.site/,,,,,,"2515 Thomas Ave,  Dallas,  TX 75201",,75201,y,,,y,,y,,,,,,,,
Emergency HVAC Repair Dallas,(214) 238-9127,,Upgrade,https://emergency-hvac-repair-dallas.business.site/,,,,,,"330-340 E,  Ann Arbor Ave,  Dallas,  TX 75216",,75216,y,,,y,,y,,,,,,,,
Randel Glass Mechanical HVAC,(214) 887-8300,,Upgrade,,,,,,,"3735 W Bay Cir,  Dallas,  TX 75214",,75214,,,,,,,,,,,,,,
ARS Rescue Rooter,(214) 503-8000,,Upgrade,https://www.ars.com/,https://www.linkedin.com/company/6892/,https://www.facebook.com/ARSRescueRooter,,97,https://www.twitter.com/ARSRescueRooter,3403 E. John W. Carpenter Frwy,Irving,75062,,,,y,y,y,,,2.5,3,3.9,21,4.4,269
All American HVAC,(214) 660-7181,,Upgrade,,,,,,,"11212 Castolon Dr,  Dallas,  TX 75228",,11212,,,,,,,,,,,,,,
A/C Services DFW,(214) 554-4177,,Upgrade,,,,,,,"719 Ella Ave,  Dallas,  TX 75217",,75217,,,,,,,,,,,,,5,3
No Horsing Around AC and Heating,(214) 729-4515,,Upgrade,,,,,,,"8516 S Lancaster Rd,  Dallas,  TX 75241",,75241,,,,,,,,,,,,,5,1
Aire Master,(972) 437-5016,,Upgrade,http://www.airemasterac.com/,,,,,,"9430 Skillman St,  Dallas,  TX 75243",,75243,,,,y,,,,,,,,,5,2
Power Smart Technologies LLC,(214) 432-4488,,Upgrade,,,,,,,"3309 Elm St,  Dallas,  TX 75226",,75226,,,,,,,,,,,,,,
Greener Home Solutions,(214) 295-8557,,Upgrade,,,,,,,"3400 Main St,  Dallas,  TX 75226",,75226,,,,,,,,,,,,,5,1
"Precision Climate, LLC",(678) 752-1592,,Upgrade,,,,,,,"LLC,  1628 Panama Pl,  Dallas,  TX 75215",,75215,,,,,,,,,,,,,5,1
L.J. Wing Heating & Manufacturing,(214) 638-6010,,Upgrade,http://www.ljwing.com/,,,,,,"4830 Transport Dr,  Dallas,  TX 75247",,75247,,,,y,,,,,,,,,,
Collin Creek Duct Cleaning,(972) 627-4727,,Upgrade,https://www.collincreekductcleaning.com,https://www.linkedin.com/company/collin-creek-duct-cleaning/,https://www.facebook.com/Collin-Creek-Duct-Cleaning-964151193657563/,,,https://www.twitter.com/CollinCreekDuct,9711 Buxhill Dr,Dallas,75238,y,,,y,y,y,,,4.5,18,,,5,17
MORSCO HVAC Supply,(972) 242-0202,,Upgrade,https://www.morscohvacsupply.com/,,,,,,"1402 Dunn Dr,  Carrollton,  TX 75006",,75006,,,,y,,y,,,,,,,3.5,12
Ken HVAC Contracting,(305) 440-0012,,Upgrade,,,,,,,"5301 Alpha Rd %2365,  Dallas,  TX 75240",,75240,,,,,,,,,,,,,,
AACA Parts & Supplies,(972) 289-5344,,Upgrade,http://www.aacapartsandsupplies.com/,,https://www.facebook.com/aacapartsandsupplies,,,https://www.twitter.com/aacapartsguys,3227 Military Pkwy,Mesquite,75149,,,,,,y,y,,,,4.4,23,4.1,40
Noonan Heating & Air Conditioning,(972) 449-8488,,Upgrade,,,,,,,"2351 W Northwest Hwy,  Dallas,  TX 75220",,75220,,,,,,,,,,,,,5,7
University Park HVAC Care,(972) 597-1858,,Upgrade,https://university-park-hvac-care.business.site/,,,,,,"6130 Luther Ln,  Dallas,  TX 75225",,75225,y,,,y,,y,,,,,,,5,1
D & P HVAC Solutions,(972) 895-7072,,Upgrade,https://d-p-hvac-solutions.business.site/,,,,,,"1622 Main St,  Dallas,  TX 75201",,75201,y,,,y,,y,,,,,,,5,3
Lex Air Conditioning and Heating,(972) 201-9608,,Upgrade,http://www.lexairconditioning.com/,,https://www.facebook.com/LexAirConditioning,,,https://www.twitter.com/lexairandheat,"1610 N Interstate 35E %23204,  Carrollton,  TX 75006",,23204,y,y,,y,,y,y,,,,,,4.7,144
Cate and Company,(972) 243-4994,,Upgrade,http://catehvac.com/,https://www.linkedin.com/company/25075426/,https://www.facebook.com/Cate-And-Company-HVAC-136778509745456/,,,https://www.twitter.com/catehvac,"11282 Indian Trail,  Dallas,  TX 75229",,11282,,,,y,,y,,,,,,,4.8,6
Sheffield Heating & Air Conditioning,(972) 597-2592,,Upgrade,,,,,,,"6300 Samuell Blvd,  Dallas,  TX 75228",,75228,,,,,,,,,,,,,4.2,21
Owen Services LLC,(972) 983-6936,,Upgrade,http://www.facebook.com/owenservicesllc,,https://www.facebook.com/owenservicesllc/,,,,"1715 Chestnut St,  Dallas,  TX 75226",,75226,y,,,y,,,,,,,,,5,1
Vanguard Heating & Cooling,(972) 752-6010,,Upgrade,,,,,,,"1140 Empire Central Pl,  Dallas,  TX 75247",,75247,,,,,,,,,,,,,,
Kings Heating & Cooling,(972) 851-6951,,Upgrade,,,,,,,"1141 Empire Central Pl,  Dallas,  TX 75247",,75247,,,,,,,,,,,,,5,9
Schindler Refrigeration Co,(214) 357-1992,,Upgrade,http://www.schindlerrefrigeration.com/,,,,,,"10921 Shady Trail %23 104,  Dallas,  TX 75220",,10921,,,,,,y,y,,,,,,4,1
Freedom Heating & Air,(214) 306-8456,,Upgrade,https://www.freedomcooling.com/,,https://www.facebook.com/freedomcooling/,,48,https://www.twitter.com/FREEDOMHVAC,"3410 North I-35E %23A,  Lancaster,  TX 75134",Lancaster,75134,y,,,y,y,y,y,,4,8,,,4.7,49
Crawford Services Inc,(972) 271-3935,,Upgrade,,,,,,,"1808 Market Center Blvd,  Dallas,  TX 75207",,75207,,,,,,,,,,,,,,
Ellis Air Conditioning & Heating,(972) 362-1501,,Upgrade,https://ellisac.com/,,https://www.facebook.com/EllisAirConditioning,,79,,"1717 McKinney Ave %23700,  Dallas,  TX 75202",,23700,,y,,y,,y,y,,,,,,,
Tiger star decks and HVAC,(972) 391-3220,,Upgrade,https://stars-decking.business.site/,,,,,,"13354 Emily Rd %23134,  Dallas,  TX 75240",,13354,y,,,y,,y,,,,,,,,
Johnstone Supply,(214) 341-0077,,Upgrade,http://johnstonesupplydfw.com/,,https://www.facebook.com/JohnstoneSupplyDFW/,,,,"3520 W Miller Rd %23120,  Garland,  TX 75041",,23120,y,,,y,,y,y,,,,,,3.2,13
Freedom Heating & Air,(214) 434-1391,,Upgrade,https://freedomcooling.com/,,https://www.facebook.com/freedomcooling/,,48,https://www.twitter.com/FREEDOMHVAC,,,,y,,,y,,y,y,,,,,,5,1
Walker Air Conditioning & Heating Inc.,(972) 492-5537,,Upgrade,http://www.walkerac.com/,,https://www.facebook.com/walkeracandheating/,,28,,"2909 Live Oak Dr,  Mesquite,  TX 75150",,75150,,,,y,,y,y,,,,,,3.8,19
Conditioned Air Services Inc.,(972) 263-1800,,Upgrade,http://www.conditionedairservice.com/,,https://www.facebook.com/frymireservices/,,,https://www.twitter.com/frymirehs,"217 S Belt Line Rd,  Grand Prairie,  TX 75051",Grand Prairie,75051,y,,,y,y,y,,,1.5,2,,,3.2,12
Johnstone Supply Warehouse,(214) 451-5000,,Upgrade,http://www.johnstonesupply.com/,,,,,,"2200 Danieldale Rd,  Lancaster,  TX 75134",,75134,,,,y,,,,,,,,,2.7,3
Johnson Supply,(972) 494-0148,,Upgrade,http://www.johnsonsupply.com/,,https://www.facebook.com/JohnsonSupply,,,https://www.twitter.com/JohnsonSupply/,"1036 S Jupiter Rd %23300,  Garland,  TX 75042",,23300,,,,y,,y,,,,,,,4.4,15
King Air Conditioning & Heating,(469) 656-8021,,Upgrade,http://kingairinc.com,,https://www.facebook.com/pg/KingAirInc/reviews/,,,https://www.twitter.com/kingairinc1,1800 Commerce St,Garland,75040,,y,,y,y,y,y,,4,7,4.2,15,4.8,80
Rescue Air Heating and Cooling,(972) 201-3253,,Upgrade,http://www.rescueairtx.com,,https://www.facebook.com/pages/Rescue-Air-Heating-and-Cooling/406084009535254,,47,https://www.twitter.com/RescueAirTX,1002 N Central Expy,Richardson,75080,y,y,,y,y,y,,,4.5,89,5,271,4.9,541
StrikeForce Heating & Air,(214) 570-4966,,Upgrade,http://www.hvacrepairdallastx.com/,https://www.linkedin.com/in/toby-puttrich-50aa0441/,https://www.facebook.com/StrikeForceHeatingAndAirConditioning/,,22,,13575 GoldMark,Dallas,75240,,,,y,,y,,,4.5,23,4.7,19,,
Blue Ribbon Heat and Air,(214) 823-8888,,Upgrade,http://www.blueribbonheatandair.com,,https://www.facebook.com/Blue-Ribbon-Heat-and-Air-972488522827590/,,,,1818 Ih 35 E,Carrollton,75006,,,,,,y,,,4.5,33,,,5,11
Jesseâ€™s AC & Appliance,(214) 660-8898,,Upgrade,http://jessesac.com/,https://www.linkedin.com/pub/jesse-simmons/14/a20/b17,https://www.facebook.com/pages/Dallas-TX/Jesses-AC-Appliance-Service/105367329507175,,,,9835 Donegal Dr,Dallas,75218,,,,,,,,,4.5,53,4.7,45,,
The Air Guy,(214) 601-1758,,Upgrade,http://www.irving-air.com,,https://www.facebook.com/irvingair/,,,https://www.twitter.com/Theairguyhvac,3301 Conflans Rd,Irving,75061,,,,y,y,y,y,,4.5,26,5,34,,
HomeSafe Dryer Vent Cleaning,(214) 681-9848,,Upgrade,https://www.homesafeventcleaning.com,,https://www.facebook.com/HomeSafeDVS/,,,,801 Secretary Dr,Arlington,76015,y,y,,y,,y,,,5,37,5,64,4.9,44
Diversified Heat and Air,(972) 913-2510,,Upgrade,,,,,,,12020 Garden Grove Dr,Dallas,75253,,,,,,,,,4,7,,,,
Efficient Home Solutions,(972) 734-1202,,Upgrade,http://ehshvac.com/,https://www.linkedin.com/company/efficient-home-solutions,https://www.facebook.com/EHSHVAC,,23,https://www.twitter.com/Efficienthomsol,"1105 E Plano Pkwy %232,  Plano,  TX 75074",Plano,75074,,,,y,y,y,y,,4,30,,,4.9,59
Miles Mechanical AC & Heating,(214) 584-4164,,Upgrade,http://www.airconditioningindallastx.com,,,,,,,Dallas,75232,,,,,,,,,5,2,,,,
Climate Tech A/C & Heating,(972) 254-6283,,Upgrade,http://www.theclimatetech.com,,https://www.facebook.com/ClimateTechAC,,42,https://www.twitter.com/climatetechac,13657 Jupiter Rd,Dallas,75238,y,,,y,y,y,y,,3.5,5,4.7,23,,
Sun Air Conditioning,(214) 956-9151,,Upgrade,https://sunairandheating.com,,,,,,3321 Towerwood Dr,Dallas,75234,,,,,,,,,4.5,3,,,,
Bee Prestigious Plumbing,(214) 924-2105,,Upgrade,http://beeprestigious.com,,,,,,,Dallas,75287,,,,,,y,,,5,155,,,,
Hancockâ€™s Heating & Air,(214) 738-5040,,Upgrade,https://hancocksheatingandair.com,,https://www.facebook.com/Hancocks-Heating-Air-llc-1032803530239809/,,,,6205 Bexar St,Dallas,75215,,,,,,y,,,,,,,,
Air Force One Air Conditioning,(214) 242-6977,,Upgrade,http://www.airforce1ac.com,,https://www.facebook.com/AirForceOneAC/,,10,https://www.twitter.com/AirForceOneAC,10226 Plano Rd,Dallas,75238,y,y,,y,y,y,,,4.5,20,4.4,25,,
DallTex Air Conditioning & Heating,(469) 251-4093,,Upgrade,http://www.dallashvaccompany.org/,,,,49,,,Dallas,75211,,,,y,y,y,,,5,5,,,,
Southern Comfort Mechanical,(972) 420-1700,,Upgrade,http://lewisvilleairconditioning.com,,,,,,174 Lake Park Rd,Lewisville,75057,,,,,,,,,4.5,47,4.9,73,4.9,78
Lake City Service,(972) 355-7007,,Upgrade,http://lakecitysvc.com,,,,,,3303 Pecan Dr,Flower Mound,75028,y,,,y,y,y,,,5,4,,,,
Hedricks Service Now,(214) 503-1411,,Upgrade,http://www.callservicenow.com/,,https://www.facebook.com/pages/Hedricks-Service-Now/275752695963574,,,https://www.twitter.com/HedricksService,11130 Petal St Ste 100,Dallas,75238,,,,y,y,y,y,,4,6,5,56,,
Aire Serv of Dallas,(972) 992-5648,,Upgrade,https://www.aireserv.com/n-dallas-metroplex,https://www.linkedin.com/company/aire-serv,https://www.facebook.com/AireServLLC,,55,https://www.twitter.com/AireServ,5930 Lbj Fwy,Dallas,75240,y,y,,y,y,y,,,4.5,8,4.6,10,,
Jetstream Air Conditioning & Heating,(214) 695-6925,,Upgrade,http://www.acjeter.com,,,,,,10333 Garland Rd,Dallas,75218,,,,,,,,,1,2,,,,
Air Central HVAC,(214) 356-9969,,Upgrade,http://aircentralhvac.com,https://www.linkedin.com/in/air-central-hvac-05932b61/,https://www.facebook.com/AirCentralHVAC/,,66,https://www.twitter.com/AirCentralHVAC,1917 Apollo Rd,Garland,75044,y,,,y,y,y,,,5,5,,,5,7
AC Air Conditioning And Refrigeration,(214) 295-4484,,Upgrade,http://www.acrepairinrowlett.com,,,,,,,Rowlett,75088,,,,,y,y,y,,5,2,,,,
Choice Air Care,(844) 340-5823,,Upgrade,http://www.choiceaircare.com,,https://www.facebook.com/choiceaircare/,,,https://www.twitter.com/choiceaircare,10015 Aeronca Ln,McKinney,75071,y,y,,y,y,y,,,4.5,11,5,29,,
Tejano Refrigeration,(214) 225-0661,,Upgrade,https://tejano-refrigeration-inc.business.site/?m=true,,,,,,,Dallas,75211,y,,,y,y,y,,,,,,,,